full_name;age;season;position;Current Club;minutes_played_overall;nationality;goals_overall;assists_overall;penalty_goals;yellow_cards_overall;red_cards_overall
Aaron Cresswell;32;2018/2019;Defender;West Ham United;1589;England;0;1;0;1;0
Aaron Mooy;32;2018/2019;Midfielder;Huddersfield Town;2327;Australia;3;1;1;4;0
Aaron Ramsey;31;2018/2019;Midfielder;Arsenal;1327;Wales;4;6;0;0;0
Aaron Rowe;22;2018/2019;Forward;Huddersfield Town;69;England;0;0;0;0;0
Aaron Wan-Bissaka;24;2018/2019;Midfielder;Crystal Palace;3135;England;0;3;0;5;1
Abdelhamid Sabiri;25;2018/2019;Midfielder;Huddersfield Town;49;Morocco;0;0;0;0;0
Abdoulaye Doucour�;29;2018/2019;Midfielder;Watford;3062;France;5;6;0;7;0
Adalberto Pe�aranda Maestre;25;2018/2019;Forward;Watford;0;Venezuela;0;0;0;0;0
Adam David Lallana;34;2018/2019;Midfielder;Liverpool;465;England;0;0;0;1;0
Adam Masina;28;2018/2019;Defender;Watford;1003;Italy;0;1;0;5;0
Adam Smith;31;2018/2019;Defender;AFC Bournemouth;2073;England;1;1;0;6;1
Adama Diakhaby;26;2018/2019;Forward;Huddersfield Town;551;France;0;0;0;1;0
Adama Traor� Diarra;26;2018/2019;Midfielder;Wolverhampton Wanderers;890;Spain;1;1;0;1;0
Ademola Lookman;25;2018/2019;Forward;Everton;601;England;0;2;0;0;0
Adrian Mariappa;36;2018/2019;Defender;Watford;1921;Jamaica;0;0;0;3;0
Adri�n San Miguel del Castillo;35;2018/2019;Goalkeeper;West Ham United;0;Spain;0;0;0;0;0
Adrien Sebastian Perruchet Silva;33;2018/2019;Midfielder;Leicester City;88;Portugal;0;0;0;0;0
Ainsley Maitland-Niles;25;2018/2019;Midfielder;Arsenal;985;England;1;1;0;3;1
Alberto Moreno;30;2018/2019;Defender;Liverpool;155;Spain;0;0;0;0;0
Aleksandar Mitrovi?;28;2018/2019;Forward;Fulham;3282;Serbia;11;3;1;7;0
Alex Iwobi;26;2018/2019;Forward;Arsenal;1972;Nigeria;3;6;0;0;0
Alex McCarthy;32;2018/2019;Goalkeeper;Southampton;2250;England;0;0;0;1;0
Alex Oxlade-Chamberlain;29;2018/2019;Midfielder;Liverpool;19;England;0;0;0;0;0
Alex Pritchard;29;2018/2019;Midfielder;Huddersfield Town;2092;England;2;0;0;2;0
Alex Smithies;32;2018/2019;Goalkeeper;Cardiff City;0;England;0;0;0;0;0
Alexander S�rloth;26;2018/2019;Forward;Crystal Palace;173;Norway;0;0;0;0;0
Alexandre Lacazette;31;2018/2019;Forward;Arsenal;2503;France;13;8;0;2;0
Alexandre Nascimento Costa Silva;25;2018/2019;Forward;West Ham United;17;Portugal;0;0;0;0;0
Alexis Sanchez;33;2018/2019;Forward;Manchester United;877;Chile;1;3;0;3;0
Alfie Jones;25;2018/2019;Defender;Southampton;0;England;0;0;0;0;0
Alfie Mawson;28;2018/2019;Defender;Fulham;1131;England;0;0;0;2;0
Alfie Whiteman;24;2018/2019;Goalkeeper;Tottenham Hotspur;0;England;0;0;0;0;0
Ali Koiki;22;2018/2019;Defender;Burnley;0;England;0;0;0;0;0
Alireza Jahanbakhsh;29;2018/2019;Forward;Brighton & Hove Albion;1022;Iran;0;0;0;2;0
Alisson Becker;30;2018/2019;Goalkeeper;Liverpool;3420;Brazil;0;0;0;1;0
Alvaro Morata;30;2018/2019;Forward;Chelsea;943;Spain;5;0;0;3;0
Ander Herrera;33;2018/2019;Midfielder;Manchester United;1404;Spain;2;3;0;4;0
Andr� Filipe Tavares Gomes;29;2018/2019;Midfielder;Everton;1986;Portugal;1;1;0;7;0
Andre Gray;31;2018/2019;Forward;Watford;1358;England;7;2;0;2;0
Andr� Sch�rrle;31;2018/2019;Midfielder;Fulham;1650;Germany;6;0;0;2;0
Andr�-Frank Zambo Anguissa;26;2018/2019;Midfielder;Fulham;1518;Cameroon;0;0;0;3;1
Andreas Christensen;26;2018/2019;Defender;Chelsea;615;Denmark;0;0;0;1;0
Andreas Pereira;26;2018/2019;Midfielder;Manchester United;595;Brazil;1;1;0;5;0
Andrew Robertson;28;2018/2019;Defender;Liverpool;3219;Scotland;0;11;0;4;0
Andrew Surman;36;2018/2019;Midfielder;AFC Bournemouth;1438;England;0;0;0;2;0
Andriy Yarmolenko;33;2018/2019;Forward;West Ham United;459;Ukraine;2;0;0;2;0
Andros Townsend;31;2018/2019;Midfielder;Crystal Palace;3018;England;6;4;0;1;0
Andy Carroll;33;2018/2019;Forward;West Ham United;454;England;0;0;0;2;0
Angel Gomes;22;2018/2019;Midfielder;Manchester United;25;England;0;0;0;0;0
Angelo Ogbonna;34;2018/2019;Defender;West Ham United;1870;Italy;1;1;0;2;0
Angus Gunn;26;2018/2019;Goalkeeper;Southampton;1080;England;0;0;0;0;0
Anthony Driscoll-Glennon;22;2018/2019;Defender;Burnley;0;England;0;0;0;0;0
Anthony Knockaert;30;2018/2019;Midfielder;Brighton & Hove Albion;1832;France;2;6;0;5;1
Anthony Martial;26;2018/2019;Forward;Manchester United;1623;France;10;2;1;2;0
Antonio Barreca;27;2018/2019;Defender;Newcastle United;4;Italy;0;0;0;0;0
Antonio R�diger;29;2018/2019;Defender;Chelsea;2874;Germany;1;0;0;7;0
Antonio Valencia;37;2018/2019;Defender;Manchester United;466;Ecuador;0;0;0;2;0
Arijanet Muric;23;2018/2019;Goalkeeper;Manchester City;0;Montenegro;0;0;0;0;0
Aron Einar Gunnarsson;33;2018/2019;Midfielder;Cardiff City;2274;Iceland;1;1;0;5;0
Arthur Masuaku;28;2018/2019;Defender;West Ham United;1756;France;0;1;0;2;0
Artur Boruc;42;2018/2019;Goalkeeper;AFC Bournemouth;1080;Poland;0;0;0;2;0
Ashley Barnes;32;2018/2019;Forward;Burnley;2400;England;12;2;2;8;0
Ashley Westwood;32;2018/2019;Midfielder;Burnley;2822;England;2;7;0;5;0
Ashley Young;37;2018/2019;Midfielder;Manchester United;2568;England;2;2;0;10;1
Asmir Begovi?;35;2018/2019;Goalkeeper;AFC Bournemouth;2160;Bosnia and Herzegovina;0;0;0;0;0
Aymeric Laporte;28;2018/2019;Defender;Manchester City;3057;France;3;3;0;3;0
Ayoze Perez;29;2018/2019;Forward;Newcastle United;2929;Spain;12;2;0;2;0
Bakary Sako;34;2018/2019;Midfielder;Crystal Palace;25;Mali;0;0;0;0;0
Ben Chilwell;25;2018/2019;Defender;Leicester City;3240;England;0;4;0;4;0
Ben Davies;29;2018/2019;Defender;Tottenham Hotspur;1839;Wales;0;0;0;2;0
Ben Foster;39;2018/2019;Goalkeeper;Watford;3420;England;0;0;0;1;0
Ben Gibson;29;2018/2019;Defender;Burnley;63;England;1;0;0;1;0
Ben Hamer;34;2018/2019;Goalkeeper;Huddersfield Town;553;England;0;0;0;0;0
Ben Mee;33;2018/2019;Defender;Burnley;3420;England;0;2;0;9;0
Ben White;25;2018/2019;Defender;Brighton & Hove Albion;0;England;0;0;0;0;0
Ben Wilmot;23;2018/2019;Defender;Watford;26;England;0;0;0;0;0
Benjamin Johnson;22;2018/2019;Forward;West Ham United;63;England;0;0;0;0;0
Benjamin Mendy;28;2018/2019;Defender;Manchester City;900;France;0;5;0;1;0
Beram Kayal;34;2018/2019;Midfielder;Brighton & Hove Albion;934;Israel;1;1;0;4;0
Bernard An�cio Caldeira Duarte;30;2018/2019;Midfielder;Everton;2128;Brazil;1;3;0;5;0
Bernardo;27;2018/2019;Defender;Brighton & Hove Albion;1750;Brazil;0;1;0;4;0
Bernardo Silva;28;2018/2019;Midfielder;Manchester City;2853;Portugal;7;7;0;3;0
Bernd Leno;30;2018/2019;Goalkeeper;Arsenal;2835;Germany;0;0;0;0;0
Bobby Reid;29;2018/2019;Midfielder;Cardiff City;1422;England;5;2;1;0;0
Brian Murphy;39;2018/2019;Goalkeeper;Cardiff City;0;Republic of Ireland;0;0;0;0;0
Bright Enobakhare;24;2018/2019;Forward;Wolverhampton Wanderers;0;England;0;0;0;0;0
Bruno �cu�l� Manga;34;2018/2019;Defender;Cardiff City;3375;Gabon;0;1;0;0;0
Bruno Saltor Grau;42;2018/2019;Defender;Brighton & Hove Albion;1136;Spain;0;1;0;2;0
Caglar S�y�nc�;26;2018/2019;Defender;Leicester City;371;Turkey;0;0;0;1;0
Callum Hudson-Odoi;21;2018/2019;Midfielder;Chelsea;391;England;0;1;0;0;0
Callum Paterson;28;2018/2019;Defender;Cardiff City;1996;Scotland;4;1;0;4;0
Callum Roberts;25;2018/2019;Forward;Newcastle United;0;England;0;0;0;0;0
Callum Slattery;23;2018/2019;Midfielder;Southampton;110;England;0;0;0;0;0
Callum Wilson;30;2018/2019;Forward;AFC Bournemouth;2535;England;14;9;1;3;0
Calum Chambers;27;2018/2019;Defender;Fulham;2587;England;2;0;0;9;0
Cameron John;23;2018/2019;Defender;Wolverhampton Wanderers;0;England;0;0;0;0;0
Carl Jenkinson;30;2018/2019;Defender;Arsenal;166;England;0;0;0;0;0
Carlos S�nchez;36;2018/2019;Midfielder;West Ham United;240;Colombia;0;0;0;0;0
Cedric Soares;31;2018/2019;Defender;Southampton;1494;Portugal;1;2;0;4;0
Cenk Tosun;31;2018/2019;Forward;Everton;1050;Turkey;3;3;0;3;0
Cesar Azpilicueta;33;2018/2019;Defender;Chelsea;3403;Spain;1;5;0;4;0
Cesc Fabregas;35;2018/2019;Midfielder;Chelsea;175;Spain;0;0;0;1;0
Charlie Austin;33;2018/2019;Forward;Southampton;980;England;2;2;0;1;0
Charlie Daniels;36;2018/2019;Defender;AFC Bournemouth;1583;England;1;0;0;4;0
Charlie Taylor;29;2018/2019;Defender;Burnley;3240;England;0;1;0;2;0
Cheikhou Kouyat�;32;2018/2019;Midfielder;Crystal Palace;1897;Senegal;0;2;0;3;0
Chris L�we;33;2018/2019;Defender;Huddersfield Town;2056;Germany;0;2;0;2;0
Chris Mepham;24;2018/2019;Defender;AFC Bournemouth;849;Wales;0;1;0;1;0
Chris Smalling;32;2018/2019;Defender;Manchester United;2128;England;1;0;0;1;0
Chris Wood;30;2018/2019;Forward;Burnley;2582;New Zealand;10;2;0;2;0
Christian Atsu Twasam;30;2018/2019;Midfielder;Newcastle United;1487;Ghana;1;0;0;2;0
Christian Benteke;31;2018/2019;Forward;Crystal Palace;813;Belgium;1;1;0;1;0
Christian Eriksen;30;2018/2019;Midfielder;Tottenham Hotspur;2772;Denmark;8;12;0;3;0
Christian Fuchs;36;2018/2019;Defender;Leicester City;206;Austria;0;0;0;0;0
Christian Kabasele;31;2018/2019;Defender;Watford;1587;Belgium;0;0;0;4;1
Christopher Schindler;32;2018/2019;Defender;Huddersfield Town;3262;Germany;1;0;0;6;1
Ciaran Clark;33;2018/2019;Defender;Newcastle United;857;Republic of Ireland;3;0;0;1;0
Claudio Andr�s Bravo Mu�oz;39;2018/2019;Goalkeeper;Manchester City;0;Chile;0;0;0;0;0
Collin Quaner;31;2018/2019;Forward;Huddersfield Town;37;Germany;0;0;0;0;0
Connor Wickham;29;2018/2019;Forward;Crystal Palace;61;England;0;1;0;0;0
Conor Coady;29;2018/2019;Midfielder;Wolverhampton Wanderers;3420;England;0;0;0;5;0
Conor Coventry;22;2018/2019;Midfielder;West Ham United;0;Republic of Ireland;0;0;0;0;0
Craig Cathcart;33;2018/2019;Defender;Watford;3099;Northern Ireland;3;0;0;2;0
Curtis Jones;21;2018/2019;Midfielder;Liverpool;0;England;0;0;0;0;0
Cyrus Christie;30;2018/2019;Defender;Fulham;1943;Republic of Ireland;0;1;0;7;0
Dale Stephens;33;2018/2019;Midfielder;Brighton & Hove Albion;2487;England;1;1;0;7;1
Dami�n Emiliano Mart�nez;30;2018/2019;Goalkeeper;Arsenal;0;Argentina;0;0;0;0;0
Dan Burn;30;2018/2019;Defender;Brighton & Hove Albion;0;England;0;0;0;0;0
Dan Gosling;32;2018/2019;Midfielder;AFC Bournemouth;1737;England;2;1;0;8;0
Daniel Amartey;27;2018/2019;Midfielder;Leicester City;640;Ghana;0;0;0;2;0
Daniel Sturridge;33;2018/2019;Forward;Liverpool;496;England;2;1;0;1;0
Daniel William John Ings;30;2018/2019;Forward;Southampton;1668;England;7;3;3;1;0
Daniel Williams;33;2018/2019;Midfielder;Huddersfield Town;93;USA;0;0;0;1;0
Danilo;31;2018/2019;Defender;Manchester City;806;Brazil;1;0;0;1;0
Danny Drinkwater;32;2018/2019;Midfielder;Chelsea;0;England;0;0;0;0;0
Danny Rose;32;2018/2019;Defender;Tottenham Hotspur;1806;England;0;3;0;5;0
Danny Simpson;35;2018/2019;Defender;Leicester City;291;England;0;0;0;0;0
Danny Ward;29;2018/2019;Goalkeeper;Leicester City;0;Wales;0;0;0;0;0
Danny Ward;31;2018/2019;Forward;Cardiff City;440;England;1;0;0;0;0
Danny Welbeck;31;2018/2019;Forward;Arsenal;147;England;1;1;0;0;0
Daryl Janmaat;33;2018/2019;Defender;Watford;1521;Netherlands;0;2;0;3;0
David Brooks;25;2018/2019;Forward;AFC Bournemouth;2278;England;7;5;0;3;0
David Button;33;2018/2019;Goalkeeper;Brighton & Hove Albion;360;England;0;0;0;0;0
David de Gea;31;2018/2019;Goalkeeper;Manchester United;3420;Spain;0;0;0;1;0
David Junior Hoilett;32;2018/2019;Forward;Cardiff City;2142;Canada;3;1;0;4;0
David Luiz;35;2018/2019;Defender;Chelsea;3239;Brazil;3;2;0;3;0
David Silva;36;2018/2019;Midfielder;Manchester City;2411;Spain;6;8;0;3;0
Davide Zappacosta;30;2018/2019;Defender;Chelsea;125;Italy;0;0;0;0;0
Davinson S�nchez Mina;26;2018/2019;Defender;Tottenham Hotspur;1943;Colombia;1;1;0;2;0
Davy Pr�pper;31;2018/2019;Midfielder;Brighton & Hove Albion;2551;Netherlands;1;1;0;2;0
DeAndre Yedlin;29;2018/2019;Defender;Newcastle United;2475;USA;1;2;0;7;1
Declan Rice;23;2018/2019;Midfielder;West Ham United;3005;Republic of Ireland;2;0;0;4;0
Dejan Lovren;33;2018/2019;Defender;Liverpool;985;Croatia;1;0;0;1;0
Dele Alli;26;2018/2019;Midfielder;Tottenham Hotspur;1827;England;5;3;0;4;0
Demarai Gray;26;2018/2019;Midfielder;Leicester City;1992;England;4;1;0;2;0
Demeaco Duhaney;24;2018/2019;Defender;Huddersfield Town;46;England;0;0;0;0;0
Denis Odoi;34;2018/2019;Defender;Fulham;2593;Belgium;0;1;0;4;0
Denis Su�rez;28;2018/2019;Midfielder;Arsenal;67;Spain;0;0;0;0;0
Diego Rico;29;2018/2019;Defender;AFC Bournemouth;607;Spain;0;0;0;1;0
Diogo Jos� Teixeira da Silva;25;2018/2019;Midfielder;Wolverhampton Wanderers;2371;Portugal;9;5;0;11;0
Divock Origi;27;2018/2019;Forward;Liverpool;366;Belgium;3;1;0;0;0
Domingos Quina;22;2018/2019;Midfielder;Watford;335;Portugal;1;0;0;0;0
Dominic Calvert-Lewin;25;2018/2019;Forward;Everton;1774;England;6;2;0;3;0
Dominic Solanke;25;2018/2019;Forward;AFC Bournemouth;341;England;0;1;0;0;0
Dwight McNeil;22;2018/2019;Forward;Burnley;1599;England;3;5;0;2;0
Eden Hazard;31;2018/2019;Midfielder;Chelsea;2926;Belgium;16;15;4;2;0
Ederson;29;2018/2019;Goalkeeper;Manchester City;3420;Brazil;0;1;0;2;0
Edward Nketiah;23;2018/2019;Forward;Arsenal;62;England;1;0;0;0;0
Elias Kachunga;30;2018/2019;Forward;Huddersfield Town;1181;Congo DR;0;0;0;2;0
Emerson Hyndman;26;2018/2019;Midfielder;AFC Bournemouth;37;USA;0;0;0;0;0
Emerson Palmieri dos Santos;28;2018/2019;Defender;Chelsea;660;Italy;0;0;0;0;0
Emile Smith Rowe;22;2018/2019;Midfielder;Arsenal;0;England;0;0;0;0;0
Eric Bertrand Bailly;28;2018/2019;Defender;Manchester United;637;Ivory Coast;0;0;0;1;1
Eric Dier;28;2018/2019;Midfielder;Tottenham Hotspur;1510;England;3;0;0;4;0
Erik Durm;30;2018/2019;Defender;Huddersfield Town;2052;Germany;0;1;0;0;0
Erik Lamela;30;2018/2019;Midfielder;Tottenham Hotspur;971;Argentina;4;2;0;2;0
Ethan Ampadu;22;2018/2019;Midfielder;Chelsea;0;Wales;0;0;0;0;0
Etienne Capoue;34;2018/2019;Midfielder;Watford;2947;France;1;3;0;15;1
Fabi�n Cornelio Balbuena Gonz�lez;31;2018/2019;Defender;West Ham United;2014;Paraguay;1;0;0;2;0
Fabian Delph;32;2018/2019;Midfielder;Manchester City;725;England;0;1;0;2;1
Fabian Sch�r;30;2018/2019;Defender;Newcastle United;2002;Switzerland;4;1;0;12;0
Fabinho;29;2018/2019;Midfielder;Liverpool;2013;Brazil;1;2;0;6;0
Fabricio Mart�n Agosto Ram�rez;34;2018/2019;Goalkeeper;Fulham;180;Spain;0;0;0;0;0
Faustino Marcos Alberto Rojo;32;2018/2019;Defender;Manchester United;211;Argentina;0;0;0;2;0
Federico Fern�ndez;33;2018/2019;Defender;Newcastle United;1484;Argentina;0;1;0;2;0
Felipe Anderson Pereira Gomes;29;2018/2019;Midfielder;West Ham United;3054;Brazil;9;4;0;3;0
Fernando Llorente Torres;37;2018/2019;Forward;Tottenham Hotspur;683;Spain;1;4;0;2;0
Fernando Luiz Rosa;37;2018/2019;Midfielder;Manchester City;2381;Brazil;1;3;0;5;0
Florent Hadergjonaj;28;2018/2019;Defender;Huddersfield Town;1840;Switzerland;0;0;0;1;0
Florian Lejeune;31;2018/2019;Defender;Newcastle United;1055;France;0;0;0;0;0
Florin Andone;29;2018/2019;Forward;Brighton & Hove Albion;874;Romania;3;0;0;5;0
Floyd Ayit�;33;2018/2019;Midfielder;Fulham;465;Togo;1;0;0;0;0
Fousseni Diabat�;27;2018/2019;Midfielder;Leicester City;55;Mali;0;0;0;0;0
Francisco Femen�a Far;31;2018/2019;Midfielder;Watford;2045;Spain;1;1;0;1;0
Fraser Forster;34;2018/2019;Goalkeeper;Southampton;90;England;0;0;0;0;0
Freddie Woodman;25;2018/2019;Goalkeeper;Newcastle United;0;England;0;0;0;0;0
Frederico Rodrigues Santos;29;2018/2019;Midfielder;Manchester United;1045;Brazil;1;1;0;2;0
Gabriel Jesus;25;2018/2019;Forward;Manchester City;1019;Brazil;7;3;1;1;0
Ga�tan Bong Songo;34;2018/2019;Defender;Brighton & Hove Albion;1805;Cameroon;0;0;0;0;0
Gary Cahill;36;2018/2019;Defender;Chelsea;22;England;0;0;0;0;0
Gary Madine;32;2018/2019;Forward;Cardiff City;32;England;0;0;0;0;0
George Marsh;23;2018/2019;Midfielder;Tottenham Hotspur;0;England;0;0;0;0;0
Georges-Kevin N'Koudou Mbida;27;2018/2019;Forward;Tottenham Hotspur;4;France;0;1;0;0;0
Georginio Wijnaldum;31;2018/2019;Midfielder;Liverpool;2735;Netherlands;3;0;0;3;0
Gerard Deulofeu;28;2018/2019;Forward;Watford;2082;Spain;10;5;0;3;0
Glenn Murray;39;2018/2019;Forward;Brighton & Hove Albion;2513;England;13;1;4;5;0
Gonzalo Higuain;34;2018/2019;Forward;Chelsea;1092;Argentina;5;0;0;0;0
Grady Diangana;24;2018/2019;Midfielder;West Ham United;604;England;0;1;0;0;0
Granit Xhaka;30;2018/2019;Midfielder;Arsenal;2502;Switzerland;4;2;0;10;0
Greg Cunningham;31;2018/2019;Defender;Cardiff City;630;Republic of Ireland;0;0;0;3;0
Gylfi Sigurdsson;33;2018/2019;Midfielder;Everton;3134;Iceland;13;6;2;3;0
Hamza Choudhury;25;2018/2019;Midfielder;Leicester City;596;England;0;0;0;0;0
Harry Arter;32;2018/2019;Midfielder;Cardiff City;2008;Republic of Ireland;0;1;0;10;0
Harry Kane;29;2018/2019;Forward;Tottenham Hotspur;2427;England;17;4;4;5;0
Harry Maguire;29;2018/2019;Defender;Leicester City;2599;England;3;0;0;7;1
Harry Winks;26;2018/2019;Midfielder;Tottenham Hotspur;1591;England;1;0;0;4;0
Harvey Lewis Barnes;24;2018/2019;Midfielder;Leicester City;1007;England;1;2;0;0;0
H�vard Nordtveit;32;2018/2019;Midfielder;Fulham;361;Norway;0;1;0;0;0
Hector Bellerin;27;2018/2019;Defender;Arsenal;1535;Spain;0;5;0;3;0
H�lder Wander Sousa Azevedo Costa;28;2018/2019;Midfielder;Wolverhampton Wanderers;1345;Portugal;1;2;0;3;0
Henrikh Mkhitaryan;33;2018/2019;Midfielder;Arsenal;1643;Armenia;6;4;0;1;0
Heung-Min Son;30;2018/2019;Forward;Tottenham Hotspur;2048;South Korea;12;6;0;3;1
Heurelho da Silva Gomes;41;2018/2019;Goalkeeper;Watford;0;Brazil;0;0;0;0;0
Hugo Lloris;35;2018/2019;Goalkeeper;Tottenham Hotspur;2970;France;0;0;0;0;0
Ibrahima Ciss�;28;2018/2019;Midfielder;Fulham;87;Belgium;0;0;0;0;0
Idrissa Gana Gueye;33;2018/2019;Midfielder;Everton;2825;Senegal;0;2;0;6;0
?lkay G�ndo?an;32;2018/2019;Midfielder;Manchester City;2135;Germany;6;3;0;3;0
Isaac Ajayi Success;26;2018/2019;Forward;Watford;1037;Nigeria;1;1;0;4;0
Isaac Hayden;27;2018/2019;Midfielder;Newcastle United;1886;England;1;4;0;4;1
Isaac Mbenza;26;2018/2019;Forward;Huddersfield Town;981;Belgium;1;1;0;1;0
Issa Diop;25;2018/2019;Defender;West Ham United;2970;France;1;0;0;4;0
Ivan Ricardo Neves Abreu Cavaleiro;29;2018/2019;Forward;Wolverhampton Wanderers;683;Portugal;3;1;0;1;0
Jack Cork;33;2018/2019;Midfielder;Burnley;3313;England;1;2;0;6;0
Jack Simpson;25;2018/2019;Defender;AFC Bournemouth;403;England;0;0;0;0;0
Jack Stephens;28;2018/2019;Defender;Southampton;1697;England;1;0;0;4;0
Jack Wilshere;30;2018/2019;Midfielder;West Ham United;389;England;0;1;0;2;0
Jacob Murphy;27;2018/2019;Midfielder;Newcastle United;300;England;0;1;0;0;0
Ja�ro Riedewald;26;2018/2019;Defender;Crystal Palace;0;Netherlands;0;0;0;0;0
Jamal Lascelles;28;2018/2019;Defender;Newcastle United;2748;England;0;1;0;4;0
James Garner;21;2018/2019;Defender;Manchester United;0;England;0;0;0;0;0
James Maddison;25;2018/2019;Midfielder;Leicester City;2850;England;7;7;1;5;1
James McArthur;35;2018/2019;Midfielder;Crystal Palace;3071;Scotland;3;6;0;7;0
James McCarthy;31;2018/2019;Midfielder;Everton;14;Republic of Ireland;0;0;0;0;0
James Milner;36;2018/2019;Midfielder;Liverpool;1785;England;5;4;3;7;1
James Tarkowski;29;2018/2019;Defender;Burnley;3087;England;3;1;0;8;0
James Tomkins;33;2018/2019;Defender;Crystal Palace;2563;England;1;1;0;6;0
James Ward-Prowse;27;2018/2019;Midfielder;Southampton;1942;England;7;0;1;4;0
Jamie Sterry;26;2018/2019;Defender;Newcastle United;0;England;0;0;0;0;0
Jamie Vardy;35;2018/2019;Forward;Leicester City;2735;England;18;4;4;4;1
Jan Bednarek;26;2018/2019;Defender;Southampton;2151;Poland;0;1;0;7;0
Jan Vertonghen;35;2018/2019;Defender;Tottenham Hotspur;1915;Belgium;1;0;0;5;1
Jannik Vestergaard;30;2018/2019;Defender;Southampton;2030;Denmark;0;0;0;2;0
Jason Puncheon;36;2018/2019;Midfielder;Huddersfield Town;391;England;0;0;0;1;0
Jason Steele;32;2018/2019;Goalkeeper;Brighton & Hove Albion;0;England;0;0;0;0;0
Javier Hernandez;34;2018/2019;Forward;West Ham United;1335;Mexico;7;1;0;2;0
Javier Manquillo Gait�n;28;2018/2019;Defender;Newcastle United;1097;Spain;0;3;0;2;0
Jayson Molumby;23;2018/2019;Midfielder;Brighton & Hove Albion;0;Republic of Ireland;0;0;0;0;0
Jazz Richards;31;2018/2019;Defender;Cardiff City;128;Wales;0;0;0;0;0
Jean Michau00ebl Seri;31;2018/2019;Midfielder;Fulham;2252;Ivory Coast;1;2;0;6;0
Jeff Hendrick;30;2018/2019;Midfielder;Burnley;2069;Republic of Ireland;3;0;0;4;0
Jefferson Lerma;28;2018/2019;Midfielder;AFC Bournemouth;2511;Colombia;2;0;0;12;0
Jeffrey Schlupp;29;2018/2019;Defender;Crystal Palace;1665;Ghana;4;1;0;1;0
Jermain Defoe;40;2018/2019;Forward;AFC Bournemouth;21;England;0;0;0;0;0
Jesse Lingard;29;2018/2019;Midfielder;Manchester United;1668;England;4;2;1;3;0
Jo�o Moutinho;36;2018/2019;Midfielder;Wolverhampton Wanderers;3040;Portugal;1;8;0;4;0
Joe Bennett;32;2018/2019;Defender;Cardiff City;2641;England;0;1;0;5;0
Joe Bryan;29;2018/2019;Defender;Fulham;2350;England;0;1;0;5;0
Joe Daniel Tupper;24;2018/2019;Goalkeeper;Crystal Palace;0;England;0;0;0;0;0
Joe Gomez;25;2018/2019;Defender;Liverpool;1060;England;0;0;0;2;0
Joe Hart;35;2018/2019;Goalkeeper;Burnley;1710;England;0;0;0;0;0
Joe Powell;24;2018/2019;Forward;West Ham United;0;England;0;0;0;0;0
Joe Ralls;29;2018/2019;Midfielder;Cardiff City;1959;England;0;0;0;5;1
Joel Coleman;27;2018/2019;Goalkeeper;Huddersfield Town;90;England;0;0;0;0;0
Joel Matip;31;2018/2019;Defender;Liverpool;1532;Cameroon;1;0;0;3;0
Joel Ward;32;2018/2019;Defender;Crystal Palace;551;England;1;0;0;1;0
Johann Berg Gu�munds�son;32;2018/2019;Midfielder;Burnley;1748;Iceland;3;6;0;2;0
John Ruddy;36;2018/2019;Goalkeeper;Wolverhampton Wanderers;90;England;0;0;0;0;0
John Stones;28;2018/2019;Defender;Manchester City;1762;England;0;0;0;1;0
Jon Gorenc Stankovi?;26;2018/2019;Defender;Huddersfield Town;718;Slovenia;1;0;0;2;0
Jonas L�ssl;33;2018/2019;Goalkeeper;Huddersfield Town;2777;Denmark;0;1;0;1;0
Jonathan Hogg;33;2018/2019;Midfielder;Huddersfield Town;2377;England;0;1;0;9;1
Jonathan Walters;39;2018/2019;Forward;Burnley;0;Republic of Ireland;0;0;0;0;0
Jonjo Shelvey;30;2018/2019;Midfielder;Newcastle United;944;England;1;1;0;1;0
Jonjoe Kenny;25;2018/2019;Defender;Everton;790;England;0;1;0;1;0
Jonny;28;2018/2019;Defender;Wolverhampton Wanderers;2780;Spain;1;1;0;6;0
Jonny Evans;34;2018/2019;Defender;Leicester City;1995;Northern Ireland;1;0;0;2;0
Jordan Ayew;31;2018/2019;Forward;Crystal Palace;1186;Ghana;1;2;0;3;0
Jordan Henderson;32;2018/2019;Midfielder;Liverpool;1983;England;1;3;0;3;1
Jordan Pickford;28;2018/2019;Goalkeeper;Everton;3420;England;0;0;0;1;0
Jordon Ibe;26;2018/2019;Midfielder;AFC Bournemouth;795;England;1;1;0;1;0
Jorginho;30;2018/2019;Midfielder;Chelsea;3165;Italy;2;0;1;8;0
Jos� Diogo Dalot Teixeira;23;2018/2019;Defender;Manchester United;1015;Portugal;0;2;0;3;0
Jos� Holebas;38;2018/2019;Defender;Watford;2394;Greece;3;6;0;13;1
Jose Izquierdo;30;2018/2019;Forward;Brighton & Hove Albion;794;Colombia;0;1;0;1;0
Jos� Luis Sanmart�n Mato;32;2018/2019;Forward;Newcastle United;586;Spain;2;0;0;1;0
Joseph Willock;23;2018/2019;Midfielder;Arsenal;64;England;0;0;0;0;0
Josh Benson;22;2018/2019;Midfielder;Burnley;0;England;0;0;0;0;0
Josh Knight;25;2018/2019;Defender;Leicester City;0;England;0;0;0;0;0
Josh Murphy;27;2018/2019;Forward;Cardiff City;1825;England;3;2;0;2;0
Joshua King;30;2018/2019;Forward;AFC Bournemouth;2974;Norway;12;3;5;3;0
Joshua Sims;25;2018/2019;Midfielder;Southampton;209;England;0;1;0;0;0
Juan Marcos Foyth;24;2018/2019;Defender;Tottenham Hotspur;930;Argentina;1;0;0;4;1
Juan Mata;34;2018/2019;Midfielder;Manchester United;1294;Spain;3;2;0;3;0
Juli�n Speroni;43;2018/2019;Goalkeeper;Crystal Palace;90;Argentina;0;0;0;0;0
Juninho Bacuna;25;2018/2019;Midfielder;Huddersfield Town;1414;Netherlands;1;0;0;4;0
Junior Stanislas;32;2018/2019;Midfielder;AFC Bournemouth;1027;England;2;3;1;1;0
J�rgen Locadia;28;2018/2019;Forward;Brighton & Hove Albion;1227;Netherlands;2;0;0;1;0
Kadeem Harris;29;2018/2019;Midfielder;Cardiff City;366;England;1;0;0;1;0
Karl Darlow;32;2018/2019;Goalkeeper;Newcastle United;0;England;0;0;0;0;0
Karlan Ahearne-Grant;24;2018/2019;Forward;Huddersfield Town;874;England;4;0;0;0;0
Kasper Schmeichel;35;2018/2019;Goalkeeper;Leicester City;3420;Denmark;0;0;0;3;0
Kayne Ramsey;22;2018/2019;Midfielder;Southampton;90;England;0;0;0;0;0
Kazaiah Sterling;23;2018/2019;Forward;Tottenham Hotspur;0;England;0;0;0;0;0
Kelechi Iheanacho;26;2018/2019;Forward;Leicester City;926;Nigeria;1;3;0;2;0
Kelland Watts;23;2018/2019;Midfielder;Newcastle United;0;England;0;0;0;0;0
Ken Sema;29;2018/2019;Midfielder;Watford;755;Sweden;1;2;0;1;0
Kenneth Dahrup Zohor�;28;2018/2019;Forward;Cardiff City;746;Denmark;1;1;0;1;0
Kepa Arrizabalaga;28;2018/2019;Goalkeeper;Chelsea;3240;Spain;0;0;0;2;0
Kevin De Bruyne;31;2018/2019;Midfielder;Manchester City;974;Belgium;2;2;0;2;0
Kevin Long;32;2018/2019;Defender;Burnley;513;Republic of Ireland;0;1;0;0;0
Kevin McDonald;33;2018/2019;Midfielder;Fulham;842;Scotland;0;0;0;6;1
Kieran Dowell;25;2018/2019;Midfielder;Everton;0;England;0;0;0;0;0
Kieran Trippier;32;2018/2019;Defender;Tottenham Hotspur;2278;England;1;3;0;2;0
Konstantinos Mavropanos;24;2018/2019;Defender;Arsenal;150;Greece;0;0;0;1;0
Kortney Hause;27;2018/2019;Defender;Wolverhampton Wanderers;0;England;0;0;0;0;0
Kurt Zouma;28;2018/2019;Defender;Everton;2610;France;2;2;0;5;1
Kyle Taylor;23;2018/2019;Midfielder;AFC Bournemouth;0;England;0;0;0;0;0
Kyle Walker;32;2018/2019;Defender;Manchester City;2777;England;1;1;0;3;0
Kyle Walker-Peters;25;2018/2019;Defender;Tottenham Hotspur;374;England;0;3;0;1;0
Laurent Depoitre;33;2018/2019;Forward;Huddersfield Town;1059;Belgium;0;1;0;1;0
Laurent Koscielny;37;2018/2019;Defender;Arsenal;1328;France;3;0;0;1;0
Lazar Markovi?;28;2018/2019;Midfielder;Fulham;44;Serbia;0;0;0;0;0
Leander Dendoncker;27;2018/2019;Midfielder;Wolverhampton Wanderers;1469;Belgium;2;0;0;1;0
Leandro Bacuna;31;2018/2019;Midfielder;Cardiff City;554;Cura�ao;0;0;0;2;0
Lee Grant;39;2018/2019;Goalkeeper;Manchester United;0;England;0;0;0;0;0
Lee Peltier;35;2018/2019;Defender;Cardiff City;1542;England;0;0;0;4;0
Leighton Baines;37;2018/2019;Defender;Everton;376;England;0;0;0;0;0
Leon Balogun;34;2018/2019;Defender;Brighton & Hove Albion;591;Nigeria;1;0;0;2;0
Leonardo Bonatini Lohner Maia;28;2018/2019;Forward;Wolverhampton Wanderers;128;Brazil;0;1;0;0;0
Leroy San�;26;2018/2019;Midfielder;Manchester City;1867;Germany;10;10;0;1;0
Lewis Cass;22;2018/2019;Defender;Newcastle United;0;England;0;0;0;0;0
Lewis Cook;25;2018/2019;Midfielder;AFC Bournemouth;721;England;0;0;0;2;0
Lewis Dunk;30;2018/2019;Defender;Brighton & Hove Albion;3153;England;2;1;0;7;1
Lo�c Damour;31;2018/2019;Midfielder;Cardiff City;21;France;0;0;0;0;0
Loris Karius;29;2018/2019;Goalkeeper;Liverpool;0;Germany;0;0;0;0;0
Luca de la Torre;24;2018/2019;Midfielder;Fulham;0;USA;0;0;0;0;0
Lucas Digne;29;2018/2019;Defender;Everton;2990;France;4;4;0;6;1
Lucas Perez;34;2018/2019;Forward;West Ham United;468;Spain;3;0;0;0;0
Lucas Rodrigues Moura da Silva;30;2018/2019;Midfielder;Tottenham Hotspur;2127;Brazil;10;0;0;3;0
Lucas Torreira;26;2018/2019;Midfielder;Arsenal;2377;Uruguay;2;2;0;8;1
Luciano Vietto;28;2018/2019;Forward;Fulham;983;Argentina;1;4;0;1;0
Luka Milivojevi?;31;2018/2019;Midfielder;Crystal Palace;3420;Serbia;12;2;10;10;0
Luke Amos;25;2018/2019;Midfielder;Tottenham Hotspur;2;England;0;0;0;0;0
Luke Dreher;23;2018/2019;Midfielder;Crystal Palace;0;England;0;0;0;0;0
Luke Shaw;27;2018/2019;Defender;Manchester United;2592;England;1;4;0;11;0
Lys Mousset;26;2018/2019;Forward;AFC Bournemouth;345;France;1;0;0;1;0
Maarten Stekelenburg;40;2018/2019;Goalkeeper;Everton;0;Netherlands;0;0;0;0;0
Mamadou Sakho;32;2018/2019;Defender;Crystal Palace;2417;France;0;0;0;2;0
Manolo Gabbiadini;30;2018/2019;Forward;Southampton;470;Italy;1;0;0;0;0
Manuel Lanzini;29;2018/2019;Midfielder;West Ham United;688;Argentina;1;1;0;2;0
Marc Albrighton;32;2018/2019;Midfielder;Leicester City;1626;England;2;2;0;3;0
Marc Guehi;22;2018/2019;Defender;Chelsea;0;England;0;0;0;0;0
Marc Navarro Ceciliano;27;2018/2019;Defender;Watford;84;Spain;0;0;0;0;0
Marc Pugh;35;2018/2019;Midfielder;AFC Bournemouth;0;England;0;0;0;0;0
Marcos Alonso;31;2018/2019;Defender;Chelsea;2761;Spain;2;4;0;6;0
Marcus Bettinelli;30;2018/2019;Goalkeeper;Fulham;630;England;0;0;0;1;0
Marcus Rashford;25;2018/2019;Forward;Manchester United;2362;England;10;6;0;4;1
Mario Lemina;29;2018/2019;Midfielder;Southampton;1615;Gabon;1;1;0;5;0
Mark Noble;35;2018/2019;Midfielder;West Ham United;2308;England;5;5;4;7;1
Mark Travers;23;2018/2019;Goalkeeper;AFC Bournemouth;180;Republic of Ireland;0;0;0;0;0
Marko Arnautovi?;33;2018/2019;Forward;West Ham United;2000;Austria;10;4;1;3;0
Markus Suttner;35;2018/2019;Defender;Brighton & Hove Albion;0;Austria;0;0;0;0;0
Marouane Fellaini;34;2018/2019;Midfielder;Manchester United;744;Belgium;0;1;0;1;0
Martin D�bravka;33;2018/2019;Goalkeeper;Newcastle United;3420;Slovakia;0;0;0;1;0
Martin Kelly;32;2018/2019;Defender;Crystal Palace;1110;England;0;0;0;2;0
Mart�n Montoya;31;2018/2019;Defender;Brighton & Hove Albion;2166;Spain;0;1;0;4;0
Mason Greenwood;21;2018/2019;Midfielder;Manchester United;115;England;0;0;0;0;0
Mason Holgate;26;2018/2019;Defender;Everton;407;England;0;0;0;1;0
Mat?j Vydra;30;2018/2019;Forward;Burnley;311;Czech Republic;1;1;0;1;0
Mateo Kova?i?;28;2018/2019;Midfielder;Chelsea;1743;Croatia;0;2;0;3;0
Mathew Ryan;30;2018/2019;Goalkeeper;Brighton & Hove Albion;3060;Australia;0;0;0;2;0
Mathias Jattah-Njie J�rgensen;32;2018/2019;Defender;Huddersfield Town;2148;Denmark;3;1;0;6;0
Matt Butcher;25;2018/2019;Midfielder;AFC Bournemouth;0;England;0;0;0;0;0
Matt Doherty;30;2018/2019;Defender;Wolverhampton Wanderers;3147;Republic of Ireland;4;5;0;5;0
Matt Ritchie;33;2018/2019;Midfielder;Newcastle United;2940;Scotland;2;8;1;9;0
Matt Targett;27;2018/2019;Defender;Southampton;1185;England;1;3;0;2;0
Matteo Darmian;32;2018/2019;Defender;Manchester United;443;Italy;0;0;0;0;0
Matt�o Guendouzi Oli�;23;2018/2019;Midfielder;Arsenal;2143;France;0;0;0;9;0
Matthew Connolly;35;2018/2019;Defender;Cardiff City;0;England;0;0;0;0;0
Matthew Lowton;33;2018/2019;Defender;Burnley;1748;England;0;0;0;7;0
Matty Daly;21;2018/2019;Midfielder;Huddersfield Town;73;England;0;0;0;0;0
Max Harrison Sanders;23;2018/2019;Midfielder;Brighton & Hove Albion;0;England;0;0;0;0;0
Max Kilman;25;2018/2019;Defender;Wolverhampton Wanderers;0;England;0;0;0;0;0
Max Meyer;27;2018/2019;Midfielder;Crystal Palace;1414;Germany;1;2;0;3;0
Maxime Le Marchand;33;2018/2019;Defender;Fulham;2251;France;0;1;0;5;0
Maya Yoshida;34;2018/2019;Defender;Southampton;1520;Japan;0;1;0;0;0
Mesut �zil;34;2018/2019;Midfielder;Arsenal;1741;Germany;5;2;0;2;0
Michael Keane;29;2018/2019;Defender;Everton;2970;England;1;2;0;2;0
Michael Obafemi;22;2018/2019;Forward;Southampton;134;Republic of Ireland;1;1;0;1;0
Michail Antonio;32;2018/2019;Midfielder;West Ham United;2099;England;6;4;0;3;0
Michel Vorm;39;2018/2019;Goalkeeper;Tottenham Hotspur;180;Netherlands;0;0;0;0;0
Michy Batshuayi;29;2018/2019;Forward;Crystal Palace;756;Belgium;5;0;0;0;0
Miguel �ngel Almir�n Rejala;28;2018/2019;Midfielder;Newcastle United;763;Paraguay;0;0;0;0;0
Miguel �ngel Britos Cabrera;37;2018/2019;Defender;Watford;185;Uruguay;0;0;0;0;0
Mohamed Diam�;35;2018/2019;Midfielder;Newcastle United;2165;Senegal;0;0;0;3;0
Mohamed Elneny;30;2018/2019;Midfielder;Arsenal;381;Egypt;0;0;0;0;0
Mohamed Elyounoussi;28;2018/2019;Midfielder;Southampton;790;Norway;0;0;0;0;0
Mohamed Salah;30;2018/2019;Forward;Liverpool;3262;Egypt;22;8;3;1;0
Morgan Gibbs-White;22;2018/2019;Midfielder;Wolverhampton Wanderers;647;England;0;1;0;1;0
Morgan Schneiderlin;32;2018/2019;Midfielder;Everton;833;France;0;1;0;2;0
Moussa Dembele;35;2018/2019;Midfielder;Tottenham Hotspur;516;Belgium;0;0;0;1;0
Moussa Sissoko;33;2018/2019;Midfielder;Tottenham Hotspur;2336;France;0;3;0;2;0
N'Golo Kant�;31;2018/2019;Midfielder;Chelsea;3096;France;4;4;0;3;0
Naby Deco Ke�ta;27;2018/2019;Midfielder;Liverpool;1392;Guinea;2;1;0;0;0
Nacho Monreal;36;2018/2019;Defender;Arsenal;1861;Spain;1;3;0;5;0
Nampalys Mendy;30;2018/2019;Midfielder;Leicester City;2088;France;0;0;0;5;0
Nathan Ak�;27;2018/2019;Defender;AFC Bournemouth;3412;Netherlands;4;0;0;3;0
Nathan Holland;24;2018/2019;Midfielder;West Ham United;0;England;0;0;0;0;0
Nathan Redmond;28;2018/2019;Midfielder;Southampton;3276;England;6;4;0;3;0
Nathaniel Chalobah;27;2018/2019;Midfielder;Watford;266;England;0;0;0;2;0
Nathaniel Clyne;31;2018/2019;Defender;AFC Bournemouth;1254;England;0;1;0;2;0
Nathaniel Mendez-Laing;30;2018/2019;Midfielder;Cardiff City;984;England;4;1;1;0;0
Neeskens Kebano;30;2018/2019;Midfielder;Fulham;103;Congo DR;0;0;0;0;0
Neil Leonard Dula Etheridge;32;2018/2019;Goalkeeper;Cardiff City;3420;Philippines;0;0;0;2;0
Nemanja Mati?;34;2018/2019;Midfielder;Manchester United;2441;Serbia;1;0;0;8;1
Nicolas Otamendi;34;2018/2019;Defender;Manchester City;1233;Argentina;0;0;0;1;0
Nikola Tavares;23;2018/2019;Defender;Crystal Palace;0;England;0;0;0;0;0
Nnamdi Ofoborh;22;2018/2019;Midfielder;AFC Bournemouth;0;England;0;0;0;0;0
Oleksandr Zinchenko;25;2018/2019;Midfielder;Manchester City;1153;Ukraine;0;3;0;1;0
Oliver Skipp;22;2018/2019;Midfielder;Tottenham Hotspur;216;England;0;0;0;0;0
Olivier Giroud;36;2018/2019;Forward;Chelsea;832;France;2;4;0;1;0
Onyinye Wilfred Ndidi;25;2018/2019;Midfielder;Leicester City;3299;Nigeria;2;0;0;8;0
Oriol Romeu;31;2018/2019;Midfielder;Southampton;2140;Spain;1;0;0;11;0
Oumar Niasse;32;2018/2019;Forward;Cardiff City;998;Senegal;0;0;0;0;0
Pablo Zabaleta;37;2018/2019;Defender;West Ham United;2092;Argentina;0;1;0;4;0
Pape N'Diaye Souar�;32;2018/2019;Defender;Crystal Palace;0;Senegal;0;0;0;0;0
Pascal Gro�;31;2018/2019;Midfielder;Brighton & Hove Albion;1878;Germany;3;3;1;1;0
Patrick van Aanholt;32;2018/2019;Defender;Crystal Palace;3198;Netherlands;3;2;0;3;0
Paul Dummett;31;2018/2019;Defender;Newcastle United;1986;Wales;0;0;0;1;0
Paul Pogba;29;2018/2019;Midfielder;Manchester United;3011;France;13;9;7;6;0
Paulo Dino Gazzaniga;30;2018/2019;Goalkeeper;Tottenham Hotspur;270;Argentina;0;0;0;0;0
Pedro Obiang;30;2018/2019;Midfielder;West Ham United;1121;Equatorial Guinea;0;1;0;0;0
Pedro Rodriguez;35;2018/2019;Midfielder;Chelsea;1780;Spain;8;2;0;2;0
Peter Crouch;41;2018/2019;Forward;Burnley;86;England;0;0;0;1;0
Petr ?ech;40;2018/2019;Goalkeeper;Arsenal;585;Czech Republic;0;0;0;0;0
Phil Bardsley;37;2018/2019;Defender;Burnley;1672;Scotland;0;0;0;9;0
Phil Jagielka;40;2018/2019;Defender;Everton;329;England;1;0;0;1;1
Phil Jones;30;2018/2019;Defender;Manchester United;1263;England;0;1;0;1;0
Philip Billing;26;2018/2019;Midfielder;Huddersfield Town;2192;Denmark;2;0;0;7;0
Philip Foden;22;2018/2019;Midfielder;Manchester City;327;England;1;0;0;0;0
Philippe Sandler;25;2018/2019;Defender;Manchester City;0;Netherlands;0;0;0;0;0
Pierre-Emerick Aubameyang;33;2018/2019;Forward;Arsenal;2731;Gabon;22;5;4;0;0
Pierre-Emile H�jbjerg;27;2018/2019;Midfielder;Southampton;2764;Denmark;4;3;0;10;2
Rachid Ghezzal;30;2018/2019;Forward;Leicester City;738;Algeria;1;0;0;3;0
Rafael Euclides Soares Camacho;22;2018/2019;Midfielder;Liverpool;0;Portugal;0;0;0;0;0
Raheem Sterling;27;2018/2019;Forward;Manchester City;2777;England;17;10;0;3;0
Rajiv van La Parra;31;2018/2019;Midfielder;Huddersfield Town;407;Netherlands;0;0;0;0;0
Ramadan Sobhi;25;2018/2019;Forward;Huddersfield Town;75;Egypt;0;0;0;0;0
Ra�l Alonso Jim�nez Rodr�guez;31;2018/2019;Forward;Wolverhampton Wanderers;3124;Mexico;13;7;2;4;0
Rhys Healey;27;2018/2019;Forward;Cardiff City;49;England;0;0;0;0;0
Ricardo Domingos Barbosa Pereira;29;2018/2019;Defender;Leicester City;3125;Portugal;2;6;0;7;0
Richarlison de Andrade;25;2018/2019;Forward;Everton;2679;Brazil;13;1;0;6;1
Riyad Mahrez;31;2018/2019;Midfielder;Manchester City;1339;Algeria;7;4;0;0;0
Rob Holding;27;2018/2019;Defender;Arsenal;807;England;0;0;0;1;0
Robbie Brady;30;2018/2019;Midfielder;Burnley;715;Republic of Ireland;0;1;0;4;1
Robert Kenedy Nunes do Nascimento;26;2018/2019;Midfielder;Newcastle United;1344;Brazil;1;1;0;1;0
Robert Snodgrass;35;2018/2019;Midfielder;West Ham United;2222;Scotland;2;5;0;10;0
Roberto Firmino;31;2018/2019;Forward;Liverpool;2620;Brazil;12;6;1;0;0
Roberto Maximiliano Pereyra;31;2018/2019;Forward;Watford;2825;Argentina;6;1;0;3;0
Romain Sa�ss;32;2018/2019;Midfielder;Wolverhampton Wanderers;1144;Morocco;2;0;0;7;0
Romelu Lukaku;29;2018/2019;Forward;Manchester United;2130;Belgium;12;0;0;4;0
Rondon;33;2018/2019;Forward;Newcastle United;2609;Venezuela;11;7;0;1;0
Ross Barkley;28;2018/2019;Midfielder;Chelsea;1241;England;3;5;0;1;0
R�ben Diogo Da Silva Neves;25;2018/2019;Midfielder;Wolverhampton Wanderers;3009;Portugal;4;3;2;8;0
R�ben Gon�alo Silva Nascimento Vinagre;23;2018/2019;Defender;Wolverhampton Wanderers;703;Portugal;0;0;0;1;0
Ruben Loftus-Cheek;26;2018/2019;Midfielder;Chelsea;983;England;6;2;0;0;0
Rui Pedro dos Santos Patr�cio;34;2018/2019;Goalkeeper;Wolverhampton Wanderers;3330;Portugal;0;0;0;0;0
Ryan Bennett;32;2018/2019;Defender;Wolverhampton Wanderers;3060;England;1;0;0;12;0
Ryan Bertrand;33;2018/2019;Defender;Southampton;2160;England;1;0;0;8;0
Ryan Fraser;28;2018/2019;Midfielder;AFC Bournemouth;3173;Scotland;7;14;0;2;0
Ryan Fredericks;30;2018/2019;Midfielder;West Ham United;1085;England;1;0;0;5;0
Ryan Giles;22;2018/2019;Midfielder;Wolverhampton Wanderers;0;England;0;0;0;0;0
Ryan Guno Babel;35;2018/2019;Forward;Fulham;1260;Netherlands;5;3;0;3;0
Ryan Schofield;22;2018/2019;Goalkeeper;Huddersfield Town;0;England;0;0;0;0;0
Ryan Sessegnon;22;2018/2019;Defender;Fulham;2298;England;2;6;0;0;0
Sadio Man�;30;2018/2019;Forward;Liverpool;3086;Senegal;22;1;0;2;0
Sam Gallagher;27;2018/2019;Forward;Southampton;30;England;0;0;0;0;0
Sam Surridge;24;2018/2019;Forward;AFC Bournemouth;11;England;0;0;0;0;0
Sam Vokes;33;2018/2019;Forward;Burnley;913;Wales;3;0;0;0;0
Sam Woods;24;2018/2019;Defender;Crystal Palace;0;England;0;0;0;0;0
Samir Nasri;35;2018/2019;Midfielder;West Ham United;246;France;0;2;0;0;0
Sandro Ramirez;27;2018/2019;Forward;Everton;0;Spain;0;0;0;0;0
Scott Dann;35;2018/2019;Defender;Crystal Palace;660;England;0;1;0;1;0
Scott McTominay;25;2018/2019;Midfielder;Manchester United;861;England;2;0;0;1;0
Sead Kola�inac;29;2018/2019;Defender;Arsenal;1891;Bosnia and Herzegovina;0;5;0;5;0
S�amus Coleman;34;2018/2019;Defender;Everton;2560;Republic of Ireland;2;2;0;1;0
Sean Longstaff;25;2018/2019;Midfielder;Newcastle United;688;England;1;0;0;2;0
Sean Morrison;31;2018/2019;Defender;Cardiff City;3040;England;1;3;0;6;0
Sebastian Pr�dl;35;2018/2019;Defender;Watford;13;Austria;0;0;0;0;0
Serge Aurier;29;2018/2019;Defender;Tottenham Hotspur;564;Ivory Coast;0;2;0;1;0
Sergio Aguero;34;2018/2019;Forward;Manchester City;2480;Argentina;21;8;2;3;0
Sergio Germ�n Romero;35;2018/2019;Goalkeeper;Manchester United;0;Argentina;0;0;0;0;0
Sergio Rico;29;2018/2019;Goalkeeper;Fulham;2610;Spain;0;0;0;1;0
Shane Duffy;30;2018/2019;Defender;Brighton & Hove Albion;3088;Republic of Ireland;5;1;0;5;1
Shane Long;35;2018/2019;Forward;Southampton;1269;Republic of Ireland;5;1;0;3;0
Shinji Okazaki;36;2018/2019;Forward;Leicester City;269;Japan;0;1;0;0;0
Shkodran Mustafi;30;2018/2019;Defender;Arsenal;2617;Germany;2;0;0;9;0
Simon Francis;37;2018/2019;Defender;AFC Bournemouth;1226;England;0;2;0;1;0
Simon Mignolet;34;2018/2019;Goalkeeper;Liverpool;0;Belgium;0;0;0;0;0
Sokratis Papastathopoulos;34;2018/2019;Defender;Arsenal;2199;Greece;1;2;0;12;0
Solomon March;28;2018/2019;Midfielder;Brighton & Hove Albion;2473;England;1;5;0;1;0
Souleymane Bamba;37;2018/2019;Defender;Cardiff City;2475;Ivory Coast;4;1;0;7;0
Stefan Marius Johansen;31;2018/2019;Midfielder;Fulham;412;Norway;0;0;0;4;0
Stefano Okaka;33;2018/2019;Forward;Watford;22;Italy;0;0;0;1;0
Stephan Lichtsteiner;38;2018/2019;Defender;Arsenal;940;Switzerland;0;0;0;3;0
Stephen Ward;37;2018/2019;Defender;Burnley;230;Republic of Ireland;0;0;0;1;0
Steve Cook;31;2018/2019;Defender;AFC Bournemouth;2787;England;1;1;0;3;0
Steve Mouni�;28;2018/2019;Forward;Huddersfield Town;1777;Benin;2;3;0;2;1
Steven Davis;37;2018/2019;Midfielder;Southampton;96;Northern Ireland;0;1;0;0;0
Steven Defour;34;2018/2019;Midfielder;Burnley;452;Belgium;0;0;0;0;0
Stuart Armstrong;30;2018/2019;Midfielder;Southampton;1432;Scotland;3;2;0;2;0
Sullay Kaikai;27;2018/2019;Midfielder;Crystal Palace;0;England;0;0;0;0;0
Sung-Yeung Ki;33;2018/2019;Midfielder;Newcastle United;1302;South Korea;0;1;0;2;0
Tahith Chong;22;2018/2019;Forward;Manchester United;36;Netherlands;0;0;0;0;0
Terence Kongolo;28;2018/2019;Defender;Huddersfield Town;2722;Netherlands;1;1;0;4;0
Theo Walcott;33;2018/2019;Forward;Everton;2122;England;5;2;0;1;0
Tim Ream;35;2018/2019;Defender;Fulham;2051;USA;0;0;0;1;0
Timothy Eyoma;22;2018/2019;Defender;Tottenham Hotspur;0;England;0;0;0;0;0
Timothy Fosu-Mensah;24;2018/2019;Defender;Fulham;795;Netherlands;0;0;0;3;0
Toby Alderweireld;33;2018/2019;Defender;Tottenham Hotspur;2924;Belgium;0;0;0;3;0
Tom Cairney;31;2018/2019;Midfielder;Fulham;2198;Scotland;1;1;0;0;0
Tom Cleverley;33;2018/2019;Midfielder;Watford;470;England;1;0;0;2;0
Tom Davies;24;2018/2019;Midfielder;Everton;975;England;0;0;0;3;0
Tom Heaton;36;2018/2019;Goalkeeper;Burnley;1710;England;0;0;0;3;0
Tom Smith;30;2018/2019;Defender;Huddersfield Town;1141;England;0;0;0;3;1
Trent Alexander-Arnold;24;2018/2019;Defender;Liverpool;2467;England;1;12;0;3;0
Troy Deeney;34;2018/2019;Forward;Watford;2548;England;9;5;1;5;1
Tyias Browning;28;2018/2019;Defender;Everton;0;England;0;0;0;0;0
Tyreke Johnson;24;2018/2019;Defender;Southampton;0;England;0;0;0;0;0
Tyrone Mings;29;2018/2019;Defender;AFC Bournemouth;141;England;0;0;0;0;0
Vicente Guaita;35;2018/2019;Goalkeeper;Crystal Palace;1755;Spain;0;0;0;2;0
Vicente Iborra De La Fuente;34;2018/2019;Midfielder;Leicester City;226;Spain;0;0;0;0;0
V�ctor Camarasa;28;2018/2019;Midfielder;Cardiff City;2579;Spain;5;4;1;6;0
Victor Moses;31;2018/2019;Midfielder;Chelsea;26;Nigeria;0;0;0;0;0
Victor Nilsson Lindel�f;28;2018/2019;Defender;Manchester United;2602;Sweden;1;1;0;1;0
Victor Wanyama;31;2018/2019;Midfielder;Tottenham Hotspur;509;Kenya;1;0;0;2;0
Viktor Gy�keres;24;2018/2019;Forward;Brighton & Hove Albion;0;Sweden;0;0;0;0;0
Vincent Janssen;28;2018/2019;Forward;Tottenham Hotspur;36;Netherlands;0;0;0;0;0
Vincent Kompany;36;2018/2019;Defender;Manchester City;1223;Belgium;1;0;0;6;0
Virgil van Dijk;31;2018/2019;Defender;Liverpool;3385;Netherlands;4;2;0;1;0
Wayne Hennessey;35;2018/2019;Goalkeeper;Crystal Palace;1575;Wales;0;0;0;0;0
Wes Morgan;38;2018/2019;Defender;Leicester City;1926;Jamaica;3;0;0;5;2
Wesley Hoedt;28;2018/2019;Defender;Southampton;1170;Netherlands;0;0;0;2;0
Wilfredo Daniel Caballero;41;2018/2019;Goalkeeper;Chelsea;180;Argentina;0;0;0;0;0
Wilfried Zaha;29;2018/2019;Midfielder;Crystal Palace;3041;Ivory Coast;10;5;0;10;1
Will Hughes;27;2018/2019;Midfielder;Watford;2436;England;2;4;0;5;0
Will Norris;29;2018/2019;Goalkeeper;Wolverhampton Wanderers;0;England;0;0;0;0;0
Willian;34;2018/2019;Forward;Chelsea;2108;Brazil;3;6;0;2;0
Willy Boly;31;2018/2019;Defender;Wolverhampton Wanderers;3169;France;4;0;0;3;1
Xherdan Shaqiri;31;2018/2019;Midfielder;Liverpool;1058;Switzerland;6;3;0;2;0
Yann Valery;23;2018/2019;Defender;Southampton;1715;France;2;1;0;5;1
Yerry Fernando Mina Gonz�lez;28;2018/2019;Defender;Everton;890;Colombia;1;0;0;3;0
Yoshinori Muto;30;2018/2019;Forward;Newcastle United;516;Japan;1;0;0;1;0
Youri Tielemans;25;2018/2019;Midfielder;Leicester City;1092;Belgium;3;4;0;2;0
Yves Bissouma;26;2018/2019;Midfielder;Brighton & Hove Albion;1769;Mali;0;0;0;5;0
Zechariah Medley;22;2018/2019;Defender;Arsenal;0;England;0;0;0;0;0
Zeze Steven Sessegnon;22;2018/2019;Defender;Fulham;0;England;0;0;0;0;0
?ukasz Fabia?ski;37;2018/2019;Goalkeeper;West Ham United;3420;Poland;0;0;0;0;0
;;;;;;;;;;;;
