DateGMT;Attendance;Home_Team_Name;AwayTeamName;Referee;HomeTeamGoalCount ;AwayTeamGoalCount;HomeTeamPossession;AwayTeamPossession;StadiumName;;;;;;;;;;;;;;;;;;
Aug 10 2018 - 7:00pm;74439;Manchester United;Leicester City;Andre Marriner;2;1;46;54;Old Trafford (Manchester);;;;;;;;;;;;;;;;;;
Aug 11 2018 - 11:30am;51749;Newcastle United;Tottenham Hotspur;Martin Atkinson;1;2;40;60;St. James' Park (Newcastle upon Tyne);;;;;;;;;;;;;;;;;;
Aug 11 2018 - 2:00pm;10353;AFC Bournemouth;Cardiff City;Kevin Friend;2;0;62;38;Vitality Stadium (Bournemouth- Dorset);;;;;;;;;;;;;;;;;;
Aug 11 2018 - 2:00pm;24821;Fulham;Crystal Palace;Mike Dean;0;2;66;34;Craven Cottage (London);;;;;;;;;;;;;;;;;;
Aug 11 2018 - 2:00pm;24121;Huddersfield Town;Chelsea;Chris Kavanagh;0;3;37;63;John Smith's Stadium (Huddersfield- West Yorkshire);;;;;;;;;;;;;;;;;;
Aug 11 2018 - 2:00pm;20051;Watford;Brighton & Hove Albion;Jonathan Moss;2;0;53;47;Vicarage Road (Watford);;;;;;;;;;;;;;;;;;
Aug 11 2018 - 4:30pm;31231;Wolverhampton Wanderers;Everton;Craig Pawson;2;2;57;43;Molineux Stadium (Wolverhampton- West Midlands);;;;;;;;;;;;;;;;;;
Aug 12 2018 - 12:30pm;53235;Liverpool;West Ham United;Anthony Taylor;4;0;64;36;Anfield (Liverpool);;;;;;;;;;;;;;;;;;
Aug 12 2018 - 12:30pm;30784;Southampton;Burnley;Graham Scott;0;0;47;53;St. Mary's Stadium (Southampton- Hampshire);;;;;;;;;;;;;;;;;;
Aug 12 2018 - 3:00pm;59934;Arsenal;Manchester City;Michael Oliver;0;2;42;58;Emirates Stadium (London);;;;;;;;;;;;;;;;;;
Aug 18 2018 - 11:30am;30720;Cardiff City;Newcastle United;Craig Pawson;0;0;51;49;Cardiff City Stadium (Cardiff (Caerdydd));;;;;;;;;;;;;;;;;;
Aug 18 2018 - 2:00pm;38601;Everton;Southampton;Lee Mason;2;1;58;42;Goodison Park (Liverpool);;;;;;;;;;;;;;;;;;
Aug 18 2018 - 2:00pm;32043;Leicester City;Wolverhampton Wanderers;Mike Dean;2;0;42;58;King Power Stadium (Leicester- Leicestershire);;;;;;;;;;;;;;;;;;
Aug 18 2018 - 2:00pm;58297;Tottenham Hotspur;Fulham;Anthony Taylor;3;1;59;41;Wembley Stadium (London);;;;;;;;;;;;;;;;;;
Aug 18 2018 - 2:00pm;56888;West Ham United;AFC Bournemouth;Stuart Attwell;1;2;61;39;London Stadium (London);;;;;;;;;;;;;;;;;;
Aug 18 2018 - 4:30pm;40491;Chelsea;Arsenal;Martin Atkinson;3;2;62;38;Stamford Bridge (London);;;;;;;;;;;;;;;;;;
Aug 19 2018 - 12:30pm;18822;Burnley;Watford;Paul Tierney;1;3;58;42;Turf Moor (Burnley);;;;;;;;;;;;;;;;;;
Aug 19 2018 - 12:30pm;54021;Manchester City;Huddersfield Town;Andre Marriner;6;1;76;24;Etihad Stadium (Manchester);;;;;;;;;;;;;;;;;;
Aug 19 2018 - 3:00pm;30592;Brighton & Hove Albion;Manchester United;Kevin Friend;3;2;33;67;The American Express Community Stadium (Falmer- East Sussex);;;;;;;;;;;;;;;;;;
Aug 20 2018 - 7:00pm;25750;Crystal Palace;Liverpool;Michael Oliver;0;2;36;64;Selhurst Park (London);;;;;;;;;;;;;;;;;;
Aug 25 2018 - 11:30am;31222;Wolverhampton Wanderers;Manchester City;Martin Atkinson;1;1;28;72;Molineux Stadium (Wolverhampton- West Midlands);;;;;;;;;;;;;;;;;;
Aug 25 2018 - 2:00pm;10654;AFC Bournemouth;Everton;Lee Probert;2;2;49;51;Vitality Stadium (Bournemouth- Dorset);;;;;;;;;;;;;;;;;;
Aug 25 2018 - 2:00pm;59830;Arsenal;West Ham United;Graham Scott;3;1;61;39;Emirates Stadium (London);;;;;;;;;;;;;;;;;;
Aug 25 2018 - 2:00pm;21193;Huddersfield Town;Cardiff City;Michael Oliver;0;0;58;42;John Smith's Stadium (Huddersfield- West Yorkshire);;;;;;;;;;;;;;;;;;
Aug 25 2018 - 2:00pm;29925;Southampton;Leicester City;Jonathan Moss;1;2;51;49;St. Mary's Stadium (Southampton- Hampshire);;;;;;;;;;;;;;;;;;
Aug 25 2018 - 4:30pm;53294;Liverpool;Brighton & Hove Albion;Chris Kavanagh;1;0;70;30;Anfield (Liverpool);;;;;;;;;;;;;;;;;;
Aug 26 2018 - 12:30pm;20014;Watford;Crystal Palace;Anthony Taylor;2;1;43;57;Vicarage Road (Watford);;;;;;;;;;;;;;;;;;
Aug 26 2018 - 3:00pm;23438;Fulham;Burnley;David Coote;4;2;63;37;Craven Cottage (London);;;;;;;;;;;;;;;;;;
Aug 26 2018 - 3:00pm;51791;Newcastle United;Chelsea;Paul Tierney;1;2;18;82;St. James' Park (Newcastle upon Tyne);;;;;;;;;;;;;;;;;;
Aug 27 2018 - 7:00pm;74400;Manchester United;Tottenham Hotspur;Craig Pawson;0;3;57;43;Old Trafford (Manchester);;;;;;;;;;;;;;;;;;
Sep 01 2018 - 11:30am;32149;Leicester City;Liverpool;Paul Tierney;1;2;51;49;King Power Stadium (Leicester- Leicestershire);;;;;;;;;;;;;;;;;;
Sep 01 2018 - 2:00pm;30526;Brighton & Hove Albion;Fulham;Lee Probert;2;2;41;59;The American Express Community Stadium (Falmer- East Sussex);;;;;;;;;;;;;;;;;;
Sep 01 2018 - 2:00pm;40178;Chelsea;AFC Bournemouth;Lee Mason;2;0;72;28;Stamford Bridge (London);;;;;;;;;;;;;;;;;;
Sep 01 2018 - 2:00pm;25495;Crystal Palace;Southampton;Martin Atkinson;0;2;50;50;Selhurst Park (London);;;;;;;;;;;;;;;;;;
Sep 01 2018 - 2:00pm;38767;Everton;Huddersfield Town;Stuart Attwell;1;1;57;43;Goodison Park (Liverpool);;;;;;;;;;;;;;;;;;
Sep 01 2018 - 2:00pm;59947;West Ham United;Wolverhampton Wanderers;Chris Kavanagh;0;1;47;53;London Stadium (London);;;;;;;;;;;;;;;;;;
Sep 01 2018 - 4:30pm;53946;Manchester City;Newcastle United;Kevin Friend;2;1;78;22;Etihad Stadium (Manchester);;;;;;;;;;;;;;;;;;
Sep 02 2018 - 12:30pm;32316;Cardiff City;Arsenal;Anthony Taylor;2;3;27;73;Cardiff City Stadium (Cardiff (Caerdydd));;;;;;;;;;;;;;;;;;
Sep 02 2018 - 3:00pm;21525;Burnley;Manchester United;Jonathan Moss;0;2;46;54;Turf Moor (Burnley);;;;;;;;;;;;;;;;;;
Sep 02 2018 - 3:00pm;20141;Watford;Tottenham Hotspur;Andre Marriner;2;1;34;66;Vicarage Road (Watford);;;;;;;;;;;;;;;;;;
Sep 15 2018 - 11:30am;80188;Tottenham Hotspur;Liverpool;Michael Oliver;1;2;60;40;Wembley Stadium (London);;;;;;;;;;;;;;;;;;
Sep 15 2018 - 2:00pm;10543;AFC Bournemouth;Leicester City;Craig Pawson;4;2;46;54;Vitality Stadium (Bournemouth- Dorset);;;;;;;;;;;;;;;;;;
Sep 15 2018 - 2:00pm;40499;Chelsea;Cardiff City;Jonathan Moss;4;1;76;24;Stamford Bridge (London);;;;;;;;;;;;;;;;;;
Sep 15 2018 - 2:00pm;23696;Huddersfield Town;Crystal Palace;Lee Mason;0;1;58;42;John Smith's Stadium (Huddersfield- West Yorkshire);;;;;;;;;;;;;;;;;;
Sep 15 2018 - 2:00pm;53307;Manchester City;Fulham;Stuart Attwell;3;0;64;36;Etihad Stadium (Manchester);;;;;;;;;;;;;;;;;;
Sep 15 2018 - 2:00pm;52165;Newcastle United;Arsenal;Lee Probert;1;2;36;64;St. James' Park (Newcastle upon Tyne);;;;;;;;;;;;;;;;;;
Sep 15 2018 - 4:30pm;20537;Watford;Manchester United;Mike Dean;1;2;42;58;Vicarage Road (Watford);;;;;;;;;;;;;;;;;;
Sep 16 2018 - 12:30pm;30406;Wolverhampton Wanderers;Burnley;Andre Marriner;1;0;58;42;Molineux Stadium (Wolverhampton- West Midlands);;;;;;;;;;;;;;;;;;
Sep 16 2018 - 3:00pm;39161;Everton;West Ham United;Martin Atkinson;1;3;55;45;Goodison Park (Liverpool);;;;;;;;;;;;;;;;;;
Sep 17 2018 - 7:00pm;27742;Southampton;Brighton & Hove Albion;Anthony Taylor;2;2;51;49;St. Mary's Stadium (Southampton- Hampshire);;;;;;;;;;;;;;;;;;
Sep 22 2018 - 11:30am;23418;Fulham;Watford;Martin Atkinson;1;1;60;40;Craven Cottage (London);;;;;;;;;;;;;;;;;;
Sep 22 2018 - 2:00pm;18636;Burnley;AFC Bournemouth;Anthony Taylor;4;0;37;63;Turf Moor (Burnley);;;;;;;;;;;;;;;;;;
Sep 22 2018 - 2:00pm;32321;Cardiff City;Manchester City;Michael Oliver;0;5;21;79;Cardiff City Stadium (Cardiff (Caerdydd));;;;;;;;;;;;;;;;;;
Sep 22 2018 - 2:00pm;25679;Crystal Palace;Newcastle United;Andre Marriner;0;0;61;39;Selhurst Park (London);;;;;;;;;;;;;;;;;;
Sep 22 2018 - 2:00pm;31676;Leicester City;Huddersfield Town;David Coote;3;1;62;38;King Power Stadium (Leicester- Leicestershire);;;;;;;;;;;;;;;;;;
Sep 22 2018 - 2:00pm;50965;Liverpool;Southampton;Paul Tierney;3;0;60;40;Anfield (Liverpool);;;;;;;;;;;;;;;;;;
Sep 22 2018 - 2:00pm;74489;Manchester United;Wolverhampton Wanderers;Kevin Friend;1;1;64;36;Old Trafford (Manchester);;;;;;;;;;;;;;;;;;
Sep 22 2018 - 4:30pm;30531;Brighton & Hove Albion;Tottenham Hotspur;Chris Kavanagh;1;2;28;72;The American Express Community Stadium (Falmer- East Sussex);;;;;;;;;;;;;;;;;;
Sep 23 2018 - 12:30pm;56875;West Ham United;Chelsea;Mike Dean;0;0;28;72;London Stadium (London);;;;;;;;;;;;;;;;;;
Sep 23 2018 - 3:00pm;59964;Arsenal;Everton;Jonathan Moss;2;0;62;38;Emirates Stadium (London);;;;;;;;;;;;;;;;;;
Sep 29 2018 - 11:30am;56938;West Ham United;Manchester United;Michael Oliver;3;1;49;51;London Stadium (London);;;;;;;;;;;;;;;;;;
Sep 29 2018 - 2:00pm;60019;Arsenal;Watford;Anthony Taylor;2;0;63;37;Emirates Stadium (London);;;;;;;;;;;;;;;;;;
Sep 29 2018 - 2:00pm;38788;Everton;Fulham;Roger East;3;0;51;49;Goodison Park (Liverpool);;;;;;;;;;;;;;;;;;
Sep 29 2018 - 2:00pm;23885;Huddersfield Town;Tottenham Hotspur;Craig Pawson;0;2;52;48;John Smith's Stadium (Huddersfield- West Yorkshire);;;;;;;;;;;;;;;;;;
Sep 29 2018 - 2:00pm;54152;Manchester City;Brighton & Hove Albion;Lee Mason;2;0;80;20;Etihad Stadium (Manchester);;;;;;;;;;;;;;;;;;
Sep 29 2018 - 2:00pm;51523;Newcastle United;Leicester City;Simon Hooper;0;2;41;59;St. James' Park (Newcastle upon Tyne);;;;;;;;;;;;;;;;;;
Sep 29 2018 - 2:00pm;31147;Wolverhampton Wanderers;Southampton;Stuart Attwell;2;0;48;52;Molineux Stadium (Wolverhampton- West Midlands);;;;;;;;;;;;;;;;;;
Sep 29 2018 - 4:30pm;40625;Chelsea;Liverpool;Andre Marriner;1;1;47;53;Stamford Bridge (London);;;;;;;;;;;;;;;;;;
Sep 30 2018 - 3:00pm;30411;Cardiff City;Burnley;Martin Atkinson;1;2;54;46;Cardiff City Stadium (Cardiff (Caerdydd));;;;;;;;;;;;;;;;;;
Oct 01 2018 - 7:00pm;10199;AFC Bournemouth;Crystal Palace;Mike Dean;2;1;44;56;Vitality Stadium (Bournemouth- Dorset);;;;;;;;;;;;;;;;;;
Oct 05 2018 - 7:00pm;30544;Brighton & Hove Albion;West Ham United;Kevin Friend;1;0;35;65;The American Express Community Stadium (Falmer- East Sussex);;;;;;;;;;;;;;;;;;
Oct 06 2018 - 2:00pm;20533;Burnley;Huddersfield Town;Chris Kavanagh;1;1;31;69;Turf Moor (Burnley);;;;;;;;;;;;;;;;;;
Oct 06 2018 - 2:00pm;25715;Crystal Palace;Wolverhampton Wanderers;Michael Oliver;0;1;67;33;Selhurst Park (London);;;;;;;;;;;;;;;;;;
Oct 06 2018 - 2:00pm;32007;Leicester City;Everton;Andre Marriner;1;2;51;49;King Power Stadium (Leicester- Leicestershire);;;;;;;;;;;;;;;;;;
Oct 06 2018 - 2:00pm;43268;Tottenham Hotspur;Cardiff City;Mike Dean;1;0;75;25;Wembley Stadium (London);;;;;;;;;;;;;;;;;;
Oct 06 2018 - 2:00pm;20139;Watford;AFC Bournemouth;Jonathan Moss;0;4;47;53;Vicarage Road (Watford);;;;;;;;;;;;;;;;;;
Oct 06 2018 - 4:30pm;74519;Manchester United;Newcastle United;Anthony Taylor;3;2;73;27;Old Trafford (Manchester);;;;;;;;;;;;;;;;;;
Oct 07 2018 - 11:00am;25401;Fulham;Arsenal;Paul Tierney;1;5;48;52;Craven Cottage (London);;;;;;;;;;;;;;;;;;
Oct 07 2018 - 1:15pm;27077;Southampton;Chelsea;Craig Pawson;0;3;34;66;St. Mary's Stadium (Southampton- Hampshire);;;;;;;;;;;;;;;;;;
Oct 07 2018 - 3:30pm;52117;Liverpool;Manchester City;Martin Atkinson;0;0;49;51;Anfield (Liverpool);;;;;;;;;;;;;;;;;;
Oct 20 2018 - 11:30am;40721;Chelsea;Manchester United;Mike Dean;2;2;62;38;Stamford Bridge (London);;;;;;;;;;;;;;;;;;
Oct 20 2018 - 2:00pm;10986;AFC Bournemouth;Southampton;Lee Probert;0;0;57;43;Vitality Stadium (Bournemouth- Dorset);;;;;;;;;;;;;;;;;;
Oct 20 2018 - 2:00pm;29681;Cardiff City;Fulham;Kevin Friend;4;2;40;60;Cardiff City Stadium (Cardiff (Caerdydd));;;;;;;;;;;;;;;;;;
Oct 20 2018 - 2:00pm;54094;Manchester City;Burnley;Jonathan Moss;5;0;69;31;Etihad Stadium (Manchester);;;;;;;;;;;;;;;;;;
Oct 20 2018 - 2:00pm;50329;Newcastle United;Brighton & Hove Albion;Andre Marriner;0;1;68;32;St. James' Park (Newcastle upon Tyne);;;;;;;;;;;;;;;;;;
Oct 20 2018 - 2:00pm;56921;West Ham United;Tottenham Hotspur;Martin Atkinson;0;1;44;56;London Stadium (London);;;;;;;;;;;;;;;;;;
Oct 20 2018 - 2:00pm;31144;Wolverhampton Wanderers;Watford;Lee Mason;0;2;44;56;Molineux Stadium (Wolverhampton- West Midlands);;;;;;;;;;;;;;;;;;
Oct 20 2018 - 4:30pm;24263;Huddersfield Town;Liverpool;Michael Oliver;0;1;47;53;John Smith's Stadium (Huddersfield- West Yorkshire);;;;;;;;;;;;;;;;;;
Oct 21 2018 - 3:00pm;38668;Everton;Crystal Palace;Anthony Taylor;2;0;59;41;Goodison Park (Liverpool);;;;;;;;;;;;;;;;;;
Oct 22 2018 - 7:00pm;59886;Arsenal;Leicester City;Chris Kavanagh;3;1;69;31;Emirates Stadium (London);;;;;;;;;;;;;;;;;;
Oct 27 2018 - 2:00pm;30654;Brighton & Hove Albion;Wolverhampton Wanderers;Anthony Taylor;1;0;39;61;The American Express Community Stadium (Falmer- East Sussex);;;;;;;;;;;;;;;;;;
Oct 27 2018 - 2:00pm;25071;Fulham;AFC Bournemouth;Andre Marriner;0;3;52;48;Craven Cottage (London);;;;;;;;;;;;;;;;;;
Oct 27 2018 - 2:00pm;53373;Liverpool;Cardiff City;Stuart Attwell;4;1;79;21;Anfield (Liverpool);;;;;;;;;;;;;;;;;;
Oct 27 2018 - 2:00pm;30736;Southampton;Newcastle United;Chris Kavanagh;0;0;50;50;St. Mary's Stadium (Southampton- Hampshire);;;;;;;;;;;;;;;;;;
Oct 27 2018 - 2:00pm;20457;Watford;Huddersfield Town;Mike Dean;3;0;48;52;Vicarage Road (Watford);;;;;;;;;;;;;;;;;;
Oct 27 2018 - 4:30pm;31848;Leicester City;West Ham United;Michael Oliver;1;1;64;36;King Power Stadium (Leicester- Leicestershire);;;;;;;;;;;;;;;;;;
Oct 28 2018 - 1:30pm;21430;Burnley;Chelsea;Craig Pawson;0;4;30;70;Turf Moor (Burnley);;;;;;;;;;;;;;;;;;
Oct 28 2018 - 1:30pm;25718;Crystal Palace;Arsenal;Martin Atkinson;2;2;42;58;Selhurst Park (London);;;;;;;;;;;;;;;;;;
Oct 28 2018 - 4:00pm;74525;Manchester United;Everton;Jonathan Moss;2;1;53;47;Old Trafford (Manchester);;;;;;;;;;;;;;;;;;
Oct 29 2018 - 8:00pm;56854;Tottenham Hotspur;Manchester City;Kevin Friend;0;1;48;52;Wembley Stadium (London);;;;;;;;;;;;;;;;;;
Nov 03 2018 - 12:30pm;10792;AFC Bournemouth;Manchester United;Paul Tierney;1;2;48;52;Vitality Stadium (Bournemouth- Dorset);;;;;;;;;;;;;;;;;;
Nov 03 2018 - 3:00pm;30877;Cardiff City;Leicester City;Lee Probert;0;1;40;60;Cardiff City Stadium (Cardiff (Caerdydd));;;;;;;;;;;;;;;;;;
Nov 03 2018 - 3:00pm;38966;Everton;Brighton & Hove Albion;David Coote;3;1;61;39;Goodison Park (Liverpool);;;;;;;;;;;;;;;;;;
Nov 03 2018 - 3:00pm;49157;Newcastle United;Watford;Craig Pawson;1;0;41;59;St. James' Park (Newcastle upon Tyne);;;;;;;;;;;;;;;;;;
Nov 03 2018 - 3:00pm;56862;West Ham United;Burnley;Roger East;4;2;62;38;London Stadium (London);;;;;;;;;;;;;;;;;;
Nov 03 2018 - 5:30pm;59993;Arsenal;Liverpool;Andre Marriner;1;1;61;39;Emirates Stadium (London);;;;;;;;;;;;;;;;;;
Nov 03 2018 - 7:45pm;31185;Wolverhampton Wanderers;Tottenham Hotspur;Mike Dean;2;3;48;52;Molineux Stadium (Wolverhampton- West Midlands);;;;;;;;;;;;;;;;;;
Nov 04 2018 - 3:00pm;53916;Manchester City;Southampton;Lee Mason;6;1;67;33;Etihad Stadium (Manchester);;;;;;;;;;;;;;;;;;
Nov 04 2018 - 4:00pm;40407;Chelsea;Crystal Palace;Michael Oliver;3;1;73;27;Stamford Bridge (London);;;;;;;;;;;;;;;;;;
Nov 05 2018 - 8:00pm;17082;Huddersfield Town;Fulham;Anthony Taylor;1;0;45;55;John Smith's Stadium (Huddersfield- West Yorkshire);;;;;;;;;;;;;;;;;;
Nov 10 2018 - 12:30pm;29402;Cardiff City;Brighton & Hove Albion;Martin Atkinson;2;1;60;40;Cardiff City Stadium (Cardiff (Caerdydd));;;;;;;;;;;;;;;;;;
Nov 10 2018 - 3:00pm;24069;Huddersfield Town;West Ham United;Chris Kavanagh;1;1;43;57;John Smith's Stadium (Huddersfield- West Yorkshire);;;;;;;;;;;;;;;;;;
Nov 10 2018 - 3:00pm;32184;Leicester City;Burnley;Mike Dean;0;0;63;37;King Power Stadium (Leicester- Leicestershire);;;;;;;;;;;;;;;;;;
Nov 10 2018 - 3:00pm;49266;Newcastle United;AFC Bournemouth;Lee Probert;2;1;39;61;St. James' Park (Newcastle upon Tyne);;;;;;;;;;;;;;;;;;
Nov 10 2018 - 3:00pm;28153;Southampton;Watford;Simon Hooper;1;1;42;58;St. Mary's Stadium (Southampton- Hampshire);;;;;;;;;;;;;;;;;;
Nov 10 2018 - 5:30pm;25685;Crystal Palace;Tottenham Hotspur;Jonathan Moss;0;1;35;65;Selhurst Park (London);;;;;;;;;;;;;;;;;;
Nov 11 2018 - 12:00pm;53128;Liverpool;Fulham;Paul Tierney;2;0;73;27;Anfield (Liverpool);;;;;;;;;;;;;;;;;;
Nov 11 2018 - 2:15pm;40345;Chelsea;Everton;Kevin Friend;0;0;68;32;Stamford Bridge (London);;;;;;;;;;;;;;;;;;
Nov 11 2018 - 4:30pm;60030;Arsenal;Wolverhampton Wanderers;Stuart Attwell;1;1;71;29;Emirates Stadium (London);;;;;;;;;;;;;;;;;;
Nov 11 2018 - 4:30pm;54316;Manchester City;Manchester United;Anthony Taylor;3;1;64;36;Etihad Stadium (Manchester);;;;;;;;;;;;;;;;;;
Nov 24 2018 - 3:00pm;30553;Brighton & Hove Albion;Leicester City;Chris Kavanagh;1;1;54;46;The American Express Community Stadium (Falmer- East Sussex);;;;;;;;;;;;;;;;;;
Nov 24 2018 - 3:00pm;39139;Everton;Cardiff City;Paul Tierney;1;0;70;30;Goodison Park (Liverpool);;;;;;;;;;;;;;;;;;
Nov 24 2018 - 3:00pm;24603;Fulham;Southampton;Michael Oliver;3;2;37;63;Craven Cottage (London);;;;;;;;;;;;;;;;;;
Nov 24 2018 - 3:00pm;74516;Manchester United;Crystal Palace;Lee Mason;0;0;59;41;Old Trafford (Manchester);;;;;;;;;;;;;;;;;;
Nov 24 2018 - 3:00pm;20540;Watford;Liverpool;Jonathan Moss;0;3;36;64;Vicarage Road (Watford);;;;;;;;;;;;;;;;;;
Nov 24 2018 - 3:00pm;56886;West Ham United;Manchester City;Andre Marriner;0;4;30;70;London Stadium (London);;;;;;;;;;;;;;;;;;
Nov 24 2018 - 5:30pm;55465;Tottenham Hotspur;Chelsea;Martin Atkinson;3;1;39;61;Wembley Stadium (London);;;;;;;;;;;;;;;;;;
Nov 25 2018 - 1:30pm;10792;AFC Bournemouth;Arsenal;Craig Pawson;1;2;41;59;Vitality Stadium (Bournemouth- Dorset);;;;;;;;;;;;;;;;;;
Nov 25 2018 - 4:00pm;30130;Wolverhampton Wanderers;Huddersfield Town;Kevin Friend;0;2;44;56;Molineux Stadium (Wolverhampton- West Midlands);;;;;;;;;;;;;;;;;;
Nov 26 2018 - 8:30pm;20628;Burnley;Newcastle United;Anthony Taylor;1;2;56;44;Turf Moor (Burnley);;;;;;;;;;;;;;;;;;
Nov 30 2018 - 8:00pm;30213;Cardiff City;Wolverhampton Wanderers;Andre Marriner;2;1;47;53;Cardiff City Stadium (Cardiff (Caerdydd));;;;;;;;;;;;;;;;;;
Dec 01 2018 - 3:00pm;25098;Crystal Palace;Burnley;Lee Probert;2;0;58;42;Selhurst Park (London);;;;;;;;;;;;;;;;;;
Dec 01 2018 - 3:00pm;22973;Huddersfield Town;Brighton & Hove Albion;Michael Oliver;1;2;32;68;John Smith's Stadium (Huddersfield- West Yorkshire);;;;;;;;;;;;;;;;;;
Dec 01 2018 - 3:00pm;31353;Leicester City;Watford;Graham Scott;2;0;37;63;King Power Stadium (Leicester- Leicestershire);;;;;;;;;;;;;;;;;;
Dec 01 2018 - 3:00pm;54409;Manchester City;AFC Bournemouth;Stuart Attwell;3;1;73;27;Etihad Stadium (Manchester);;;;;;;;;;;;;;;;;;
Dec 01 2018 - 3:00pm;51853;Newcastle United;West Ham United;Paul Tierney;0;3;58;42;St. James' Park (Newcastle upon Tyne);;;;;;;;;;;;;;;;;;
Dec 01 2018 - 5:30pm;30187;Southampton;Manchester United;Kevin Friend;2;2;40;60;St. Mary's Stadium (Southampton- Hampshire);;;;;;;;;;;;;;;;;;
Dec 02 2018 - 12:00pm;40551;Chelsea;Fulham;Craig Pawson;2;0;66;34;Stamford Bridge (London);;;;;;;;;;;;;;;;;;
Dec 02 2018 - 2:05pm;59973;Arsenal;Tottenham Hotspur;Mike Dean;4;2;59;41;Emirates Stadium (London);;;;;;;;;;;;;;;;;;
Dec 02 2018 - 4:15pm;51756;Liverpool;Everton;Chris Kavanagh;1;0;57;43;Anfield (Liverpool);;;;;;;;;;;;;;;;;;
Dec 04 2018 - 7:45pm;9980;AFC Bournemouth;Huddersfield Town;Roger East;2;1;32;68;Vitality Stadium (Bournemouth- Dorset);;;;;;;;;;;;;;;;;;
Dec 04 2018 - 7:45pm;29663;Brighton & Hove Albion;Crystal Palace;Kevin Friend;3;1;31;69;The American Express Community Stadium (Falmer- East Sussex);;;;;;;;;;;;;;;;;;
Dec 04 2018 - 7:45pm;56811;West Ham United;Cardiff City;Graham Scott;3;1;61;39;London Stadium (London);;;;;;;;;;;;;;;;;;
Dec 04 2018 - 8:00pm;20389;Watford;Manchester City;Paul Tierney;1;2;29;71;Vicarage Road (Watford);;;;;;;;;;;;;;;;;;
Dec 05 2018 - 7:45pm;21741;Burnley;Liverpool;Stuart Attwell;1;3;25;75;Turf Moor (Burnley);;;;;;;;;;;;;;;;;;
Dec 05 2018 - 7:45pm;22881;Fulham;Leicester City;David Coote;1;1;45;55;Craven Cottage (London);;;;;;;;;;;;;;;;;;
Dec 05 2018 - 7:45pm;31300;Wolverhampton Wanderers;Chelsea;Jonathan Moss;2;1;29;71;Molineux Stadium (Wolverhampton- West Midlands);;;;;;;;;;;;;;;;;;
Dec 05 2018 - 7:45pm;39350;Everton;Newcastle United;Lee Mason;1;1;76;24;Goodison Park (Liverpool);;;;;;;;;;;;;;;;;;
Dec 05 2018 - 8:00pm;74507;Manchester United;Arsenal;Andre Marriner;2;2;44;56;Old Trafford (Manchester);;;;;;;;;;;;;;;;;;
Dec 05 2018 - 8:00pm;33012;Tottenham Hotspur;Southampton;Anthony Taylor;3;1;52;48;Wembley Stadium (London);;;;;;;;;;;;;;;;;;
Dec 08 2018 - 12:30pm;10752;AFC Bournemouth;Liverpool;Lee Mason;0;4;40;60;Vitality Stadium (Bournemouth- Dorset);;;;;;;;;;;;;;;;;;
Dec 08 2018 - 3:00pm;59893;Arsenal;Huddersfield Town;Paul Tierney;1;0;61;39;Emirates Stadium (London);;;;;;;;;;;;;;;;;;
Dec 08 2018 - 3:00pm;18497;Burnley;Brighton & Hove Albion;Martin Atkinson;1;0;37;63;Turf Moor (Burnley);;;;;;;;;;;;;;;;;;
Dec 08 2018 - 3:00pm;30067;Cardiff City;Southampton;Jonathan Moss;1;0;36;64;Cardiff City Stadium (Cardiff (Caerdydd));;;;;;;;;;;;;;;;;;
Dec 08 2018 - 3:00pm;74523;Manchester United;Fulham;Lee Probert;4;1;62;38;Old Trafford (Manchester);;;;;;;;;;;;;;;;;;
Dec 08 2018 - 3:00pm;56995;West Ham United;Crystal Palace;Anthony Taylor;3;2;48;52;London Stadium (London);;;;;;;;;;;;;;;;;;
Dec 08 2018 - 5:30pm;40571;Chelsea;Manchester City;Michael Oliver;2;0;38;62;Stamford Bridge (London);;;;;;;;;;;;;;;;;;
Dec 08 2018 - 7:45pm;31957;Leicester City;Tottenham Hotspur;Craig Pawson;0;2;42;58;King Power Stadium (Leicester- Leicestershire);;;;;;;;;;;;;;;;;;
Dec 09 2018 - 4:00pm;50223;Newcastle United;Wolverhampton Wanderers;Mike Dean;1;2;50;50;St. James' Park (Newcastle upon Tyne);;;;;;;;;;;;;;;;;;
Dec 10 2018 - 8:00pm;38400;Everton;Watford;Kevin Friend;2;2;56;44;Goodison Park (Liverpool);;;;;;;;;;;;;;;;;;
Dec 15 2018 - 12:30pm;54173;Manchester City;Everton;Craig Pawson;3;1;67;33;Etihad Stadium (Manchester);;;;;;;;;;;;;;;;;;
Dec 15 2018 - 3:00pm;24738;Crystal Palace;Leicester City;Michael Oliver;1;0;43;57;Selhurst Park (London);;;;;;;;;;;;;;;;;;
Dec 15 2018 - 3:00pm;24036;Huddersfield Town;Newcastle United;Anthony Taylor;0;1;73;27;John Smith's Stadium (Huddersfield- West Yorkshire);;;;;;;;;;;;;;;;;;
Dec 15 2018 - 3:00pm;41645;Tottenham Hotspur;Burnley;Graham Scott;1;0;70;30;Wembley Stadium (London);;;;;;;;;;;;;;;;;;
Dec 15 2018 - 3:00pm;20032;Watford;Cardiff City;Andy Madley;3;2;71;29;Vicarage Road (Watford);;;;;;;;;;;;;;;;;;
Dec 15 2018 - 3:00pm;30997;Wolverhampton Wanderers;AFC Bournemouth;Simon Hooper;2;0;37;63;Molineux Stadium (Wolverhampton- West Midlands);;;;;;;;;;;;;;;;;;
Dec 15 2018 - 5:30pm;24081;Fulham;West Ham United;Mike Dean;0;2;56;44;Craven Cottage (London);;;;;;;;;;;;;;;;;;
Dec 16 2018 - 1:30pm;30645;Brighton & Hove Albion;Chelsea;Stuart Attwell;1;2;41;59;The American Express Community Stadium (Falmer- East Sussex);;;;;;;;;;;;;;;;;;
Dec 16 2018 - 1:30pm;29497;Southampton;Arsenal;Chris Kavanagh;3;2;33;67;St. Mary's Stadium (Southampton- Hampshire);;;;;;;;;;;;;;;;;;
Dec 16 2018 - 4:00pm;52908;Liverpool;Manchester United;Martin Atkinson;3;1;64;36;Anfield (Liverpool);;;;;;;;;;;;;;;;;;
Dec 21 2018 - 8:00pm;31358;Wolverhampton Wanderers;Liverpool;Craig Pawson;0;2;38;62;Molineux Stadium (Wolverhampton- West Midlands);;;;;;;;;;;;;;;;;;
Dec 22 2018 - 12:30pm;59493;Arsenal;Burnley;Kevin Friend;3;1;60;40;Emirates Stadium (London);;;;;;;;;;;;;;;;;;
Dec 22 2018 - 3:00pm;10491;AFC Bournemouth;Brighton & Hove Albion;Mike Dean;2;0;57;43;Vitality Stadium (Bournemouth- Dorset);;;;;;;;;;;;;;;;;;
Dec 22 2018 - 3:00pm;40558;Chelsea;Leicester City;Lee Probert;0;1;72;28;Stamford Bridge (London);;;;;;;;;;;;;;;;;;
Dec 22 2018 - 3:00pm;22394;Huddersfield Town;Southampton;Stuart Attwell;1;3;62;38;John Smith's Stadium (Huddersfield- West Yorkshire);;;;;;;;;;;;;;;;;;
Dec 22 2018 - 3:00pm;54340;Manchester City;Crystal Palace;Andre Marriner;2;3;78;22;Etihad Stadium (Manchester);;;;;;;;;;;;;;;;;;
Dec 22 2018 - 3:00pm;51237;Newcastle United;Fulham;Martin Atkinson;0;0;53;47;St. James' Park (Newcastle upon Tyne);;;;;;;;;;;;;;;;;;
Dec 22 2018 - 3:00pm;56833;West Ham United;Watford;Lee Mason;0;2;51;49;London Stadium (London);;;;;;;;;;;;;;;;;;
Dec 22 2018 - 5:30pm;33028;Cardiff City;Manchester United;Michael Oliver;1;5;25;75;Cardiff City Stadium (Cardiff (Caerdydd));;;;;;;;;;;;;;;;;;
Dec 23 2018 - 4:00pm;39319;Everton;Tottenham Hotspur;Paul Tierney;2;6;41;59;Goodison Park (Liverpool);;;;;;;;;;;;;;;;;;
Dec 26 2018 - 12:30pm;24382;Fulham;Wolverhampton Wanderers;Andre Marriner;1;1;29;71;Craven Cottage (London);;;;;;;;;;;;;;;;;;
Dec 26 2018 - 3:00pm;21484;Burnley;Everton;Michael Oliver;1;5;49;51;Turf Moor (Burnley);;;;;;;;;;;;;;;;;;
Dec 26 2018 - 3:00pm;25206;Crystal Palace;Cardiff City;Lee Probert;0;0;62;38;Selhurst Park (London);;;;;;;;;;;;;;;;;;
Dec 26 2018 - 3:00pm;32090;Leicester City;Manchester City;Mike Dean;2;1;33;67;King Power Stadium (Leicester- Leicestershire);;;;;;;;;;;;;;;;;;
Dec 26 2018 - 3:00pm;53318;Liverpool;Newcastle United;Graham Scott;4;0;75;25;Anfield (Liverpool);;;;;;;;;;;;;;;;;;
Dec 26 2018 - 3:00pm;74523;Manchester United;Huddersfield Town;Jonathan Moss;3;1;64;36;Old Trafford (Manchester);;;;;;;;;;;;;;;;;;
Dec 26 2018 - 3:00pm;45154;Tottenham Hotspur;AFC Bournemouth;Chris Kavanagh;5;0;56;44;Wembley Stadium (London);;;;;;;;;;;;;;;;;;
Dec 26 2018 - 5:15pm;30608;Brighton & Hove Albion;Arsenal;Anthony Taylor;1;1;32;68;The American Express Community Stadium (Falmer- East Sussex);;;;;;;;;;;;;;;;;;
Dec 26 2018 - 7:30pm;20415;Watford;Chelsea;Martin Atkinson;1;2;35;65;Vicarage Road (Watford);;;;;;;;;;;;;;;;;;
Dec 27 2018 - 7:45pm;31654;Southampton;West Ham United;Craig Pawson;1;2;45;55;St. Mary's Stadium (Southampton- Hampshire);;;;;;;;;;;;;;;;;;
Dec 29 2018 - 3:00pm;30597;Brighton & Hove Albion;Everton;Andy Madley;1;0;44;56;The American Express Community Stadium (Falmer- East Sussex);;;;;;;;;;;;;;;;;;
Dec 29 2018 - 3:00pm;24423;Fulham;Huddersfield Town;Kevin Friend;1;0;43;57;Craven Cottage (London);;;;;;;;;;;;;;;;;;
Dec 29 2018 - 3:00pm;32047;Leicester City;Cardiff City;Simon Hooper;0;1;62;38;King Power Stadium (Leicester- Leicestershire);;;;;;;;;;;;;;;;;;
Dec 29 2018 - 3:00pm;46356;Tottenham Hotspur;Wolverhampton Wanderers;Stuart Attwell;1;3;60;40;Wembley Stadium (London);;;;;;;;;;;;;;;;;;
Dec 29 2018 - 3:00pm;20336;Watford;Newcastle United;Roger East;1;1;62;38;Vicarage Road (Watford);;;;;;;;;;;;;;;;;;
Dec 29 2018 - 5:30pm;53326;Liverpool;Arsenal;Michael Oliver;5;1;47;53;Anfield (Liverpool);;;;;;;;;;;;;;;;;;
Dec 30 2018 - 12:00pm;25781;Crystal Palace;Chelsea;Craig Pawson;0;1;34;66;Selhurst Park (London);;;;;;;;;;;;;;;;;;
Dec 30 2018 - 2:15pm;20933;Burnley;West Ham United;David Coote;2;0;43;57;Turf Moor (Burnley);;;;;;;;;;;;;;;;;;
Dec 30 2018 - 2:15pm;31381;Southampton;Manchester City;Paul Tierney;1;3;23;77;St. Mary's Stadium (Southampton- Hampshire);;;;;;;;;;;;;;;;;;
Dec 30 2018 - 4:30pm;74556;Manchester United;AFC Bournemouth;Lee Mason;4;1;64;36;Old Trafford (Manchester);;;;;;;;;;;;;;;;;;
Jan 01 2019 - 12:30pm;39052;Everton;Leicester City;Martin Atkinson;0;1;59;41;Goodison Park (Liverpool);;;;;;;;;;;;;;;;;;
Jan 01 2019 - 3:00pm;59887;Arsenal;Fulham;Graham Scott;4;1;59;41;Emirates Stadium (London);;;;;;;;;;;;;;;;;;
Jan 01 2019 - 5:30pm;32485;Cardiff City;Tottenham Hotspur;Kevin Friend;0;3;26;74;Cardiff City Stadium (Cardiff (Caerdydd));;;;;;;;;;;;;;;;;;
Jan 02 2019 - 7:45pm;40668;Chelsea;Southampton;Jonathan Moss;0;0;71;29;Stamford Bridge (London);;;;;;;;;;;;;;;;;;
Jan 02 2019 - 7:45pm;23715;Huddersfield Town;Burnley;Mike Dean;1;2;42;58;John Smith's Stadium (Huddersfield- West Yorkshire);;;;;;;;;;;;;;;;;;
Jan 02 2019 - 7:45pm;59870;West Ham United;Brighton & Hove Albion;Chris Kavanagh;2;2;54;46;London Stadium (London);;;;;;;;;;;;;;;;;;
Jan 02 2019 - 7:45pm;30666;Wolverhampton Wanderers;Crystal Palace;Roger East;0;2;51;49;Molineux Stadium (Wolverhampton- West Midlands);;;;;;;;;;;;;;;;;;
Jan 02 2019 - 8:00pm;10261;AFC Bournemouth;Watford;David Coote;3;3;57;43;Vitality Stadium (Bournemouth- Dorset);;;;;;;;;;;;;;;;;;
Jan 02 2019 - 8:00pm;52217;Newcastle United;Manchester United;Andre Marriner;0;2;34;66;St. James' Park (Newcastle upon Tyne);;;;;;;;;;;;;;;;;;
Jan 03 2019 - 8:00pm;54511;Manchester City;Liverpool;Anthony Taylor;2;1;49;51;Etihad Stadium (Manchester);;;;;;;;;;;;;;;;;;
Jan 12 2019 - 12:30pm;59946;West Ham United;Arsenal;Jonathan Moss;1;0;41;59;London Stadium (London);;;;;;;;;;;;;;;;;;
Jan 12 2019 - 3:00pm;30862;Brighton & Hove Albion;Liverpool;Kevin Friend;0;1;29;71;The American Express Community Stadium (Falmer- East Sussex);;;;;;;;;;;;;;;;;;
Jan 12 2019 - 3:00pm;19316;Burnley;Fulham;Martin Atkinson;2;1;41;59;Turf Moor (Burnley);;;;;;;;;;;;;;;;;;
Jan 12 2019 - 3:00pm;30725;Cardiff City;Huddersfield Town;Lee Mason;0;0;38;62;Cardiff City Stadium (Cardiff (Caerdydd));;;;;;;;;;;;;;;;;;
Jan 12 2019 - 3:00pm;25010;Crystal Palace;Watford;Paul Tierney;1;2;55;45;Selhurst Park (London);;;;;;;;;;;;;;;;;;
Jan 12 2019 - 3:00pm;31491;Leicester City;Southampton;Michael Oliver;1;2;71;29;King Power Stadium (Leicester- Leicestershire);;;;;;;;;;;;;;;;;;
Jan 12 2019 - 5:30pm;40491;Chelsea;Newcastle United;Chris Kavanagh;2;1;65;35;Stamford Bridge (London);;;;;;;;;;;;;;;;;;
Jan 13 2019 - 2:15pm;38113;Everton;AFC Bournemouth;Anthony Taylor;2;0;50;50;Goodison Park (Liverpool);;;;;;;;;;;;;;;;;;
Jan 13 2019 - 4:30pm;80062;Tottenham Hotspur;Manchester United;Mike Dean;0;1;61;39;Wembley Stadium (London);;;;;;;;;;;;;;;;;;
Jan 14 2019 - 8:00pm;54171;Manchester City;Wolverhampton Wanderers;Craig Pawson;3;0;76;24;Etihad Stadium (Manchester);;;;;;;;;;;;;;;;;;
Jan 19 2019 - 12:30pm;31278;Wolverhampton Wanderers;Leicester City;Chris Kavanagh;4;3;45;55;Molineux Stadium (Wolverhampton- West Midlands);;;;;;;;;;;;;;;;;;
Jan 19 2019 - 3:00pm;10495;AFC Bournemouth;West Ham United;Simon Hooper;2;0;38;62;Vitality Stadium (Bournemouth- Dorset);;;;;;;;;;;;;;;;;;
Jan 19 2019 - 3:00pm;53171;Liverpool;Crystal Palace;Jonathan Moss;4;3;70;30;Anfield (Liverpool);;;;;;;;;;;;;;;;;;
Jan 19 2019 - 3:00pm;74532;Manchester United;Brighton & Hove Albion;Paul Tierney;2;1;56;44;Old Trafford (Manchester);;;;;;;;;;;;;;;;;;
Jan 19 2019 - 3:00pm;49864;Newcastle United;Cardiff City;Stuart Attwell;3;0;53;47;St. James' Park (Newcastle upon Tyne);;;;;;;;;;;;;;;;;;
Jan 19 2019 - 3:00pm;29989;Southampton;Everton;Graham Scott;2;1;39;61;St. Mary's Stadium (Southampton- Hampshire);;;;;;;;;;;;;;;;;;
Jan 19 2019 - 3:00pm;19510;Watford;Burnley;Michael Oliver;0;0;54;46;Vicarage Road (Watford);;;;;;;;;;;;;;;;;;
Jan 19 2019 - 5:30pm;59979;Arsenal;Chelsea;Anthony Taylor;2;0;35;65;Emirates Stadium (London);;;;;;;;;;;;;;;;;;
Jan 20 2019 - 1:30pm;24190;Huddersfield Town;Manchester City;Andre Marriner;0;3;32;68;John Smith's Stadium (Huddersfield- West Yorkshire);;;;;;;;;;;;;;;;;;
Jan 20 2019 - 4:00pm;24807;Fulham;Tottenham Hotspur;Craig Pawson;1;2;26;74;Craven Cottage (London);;;;;;;;;;;;;;;;;;
Jan 29 2019 - 7:45pm;59933;Arsenal;Cardiff City;Mike Dean;2;1;70;30;Emirates Stadium (London);;;;;;;;;;;;;;;;;;
Jan 29 2019 - 7:45pm;22008;Fulham;Brighton & Hove Albion;Lee Probert;4;2;61;39;Craven Cottage (London);;;;;;;;;;;;;;;;;;
Jan 29 2019 - 7:45pm;23699;Huddersfield Town;Everton;Stuart Attwell;0;1;58;42;John Smith's Stadium (Huddersfield- West Yorkshire);;;;;;;;;;;;;;;;;;
Jan 29 2019 - 7:45pm;31122;Wolverhampton Wanderers;West Ham United;David Coote;3;0;54;46;Molineux Stadium (Wolverhampton- West Midlands);;;;;;;;;;;;;;;;;;
Jan 29 2019 - 8:00pm;74529;Manchester United;Burnley;Jonathan Moss;2;2;74;26;Old Trafford (Manchester);;;;;;;;;;;;;;;;;;
Jan 29 2019 - 8:00pm;50861;Newcastle United;Manchester City;Paul Tierney;2;1;23;77;St. James' Park (Newcastle upon Tyne);;;;;;;;;;;;;;;;;;
Jan 30 2019 - 7:45pm;10227;AFC Bournemouth;Chelsea;Roger East;4;0;32;68;Vitality Stadium (Bournemouth- Dorset);;;;;;;;;;;;;;;;;;
Jan 30 2019 - 7:45pm;28339;Southampton;Crystal Palace;Andre Marriner;1;1;58;42;St. Mary's Stadium (Southampton- Hampshire);;;;;;;;;;;;;;;;;;
Jan 30 2019 - 8:00pm;53092;Liverpool;Leicester City;Martin Atkinson;1;1;72;28;Anfield (Liverpool);;;;;;;;;;;;;;;;;;
Jan 30 2019 - 8:00pm;29164;Tottenham Hotspur;Watford;Graham Scott;2;1;68;32;Wembley Stadium (London);;;;;;;;;;;;;;;;;;
Feb 02 2019 - 12:30pm;41219;Tottenham Hotspur;Newcastle United;Andre Marriner;1;0;71;29;Wembley Stadium (London);;;;;;;;;;;;;;;;;;
Feb 02 2019 - 3:00pm;30414;Brighton & Hove Albion;Watford;Simon Hooper;0;0;55;45;The American Express Community Stadium (Falmer- East Sussex);;;;;;;;;;;;;;;;;;
Feb 02 2019 - 3:00pm;19787;Burnley;Southampton;Anthony Taylor;1;1;54;46;Turf Moor (Burnley);;;;;;;;;;;;;;;;;;
Feb 02 2019 - 3:00pm;40626;Chelsea;Huddersfield Town;Paul Tierney;5;0;65;35;Stamford Bridge (London);;;;;;;;;;;;;;;;;;
Feb 02 2019 - 3:00pm;25355;Crystal Palace;Fulham;Michael Oliver;2;0;37;63;Selhurst Park (London);;;;;;;;;;;;;;;;;;
Feb 02 2019 - 3:00pm;39380;Everton;Wolverhampton Wanderers;Lee Mason;1;3;64;36;Goodison Park (Liverpool);;;;;;;;;;;;;;;;;;
Feb 02 2019 - 5:30pm;31939;Cardiff City;AFC Bournemouth;Jonathan Moss;2;0;26;74;Cardiff City Stadium (Cardiff (Caerdydd));;;;;;;;;;;;;;;;;;
Feb 03 2019 - 2:05pm;32148;Leicester City;Manchester United;Mike Dean;0;1;44;56;King Power Stadium (Leicester- Leicestershire);;;;;;;;;;;;;;;;;;
Feb 03 2019 - 4:30pm;54483;Manchester City;Arsenal;Martin Atkinson;3;1;58;42;Etihad Stadium (Manchester);;;;;;;;;;;;;;;;;;
Feb 04 2019 - 8:00pm;59903;West Ham United;Liverpool;Kevin Friend;1;1;26;74;London Stadium (London);;;;;;;;;;;;;;;;;;
Feb 06 2019 - 7:45pm;39322;Everton;Manchester City;Craig Pawson;0;2;38;62;Goodison Park (Liverpool);;;;;;;;;;;;;;;;;;
Feb 09 2019 - 12:30pm;25001;Fulham;Manchester United;Paul Tierney;0;3;51;49;Craven Cottage (London);;;;;;;;;;;;;;;;;;
Feb 09 2019 - 3:00pm;25552;Crystal Palace;West Ham United;Craig Pawson;1;1;57;43;Selhurst Park (London);;;;;;;;;;;;;;;;;;
Feb 09 2019 - 3:00pm;24182;Huddersfield Town;Arsenal;Jonathan Moss;1;2;54;46;John Smith's Stadium (Huddersfield- West Yorkshire);;;;;;;;;;;;;;;;;;
Feb 09 2019 - 3:00pm;53178;Liverpool;AFC Bournemouth;Anthony Taylor;3;0;65;35;Anfield (Liverpool);;;;;;;;;;;;;;;;;;
Feb 09 2019 - 3:00pm;31438;Southampton;Cardiff City;Martin Atkinson;1;2;66;34;St. Mary's Stadium (Southampton- Hampshire);;;;;;;;;;;;;;;;;;
Feb 09 2019 - 3:00pm;20333;Watford;Everton;Lee Probert;1;0;44;56;Vicarage Road (Watford);;;;;;;;;;;;;;;;;;
Feb 09 2019 - 5:30pm;29323;Brighton & Hove Albion;Burnley;Stuart Attwell;1;3;68;32;The American Express Community Stadium (Falmer- East Sussex);;;;;;;;;;;;;;;;;;
Feb 10 2019 - 1:30pm;44154;Tottenham Hotspur;Leicester City;Michael Oliver;3;1;53;47;Wembley Stadium (London);;;;;;;;;;;;;;;;;;
Feb 10 2019 - 4:00pm;54452;Manchester City;Chelsea;Mike Dean;6;0;55;45;Etihad Stadium (Manchester);;;;;;;;;;;;;;;;;;
Feb 11 2019 - 8:00pm;30687;Wolverhampton Wanderers;Newcastle United;Graham Scott;1;1;59;41;Molineux Stadium (Wolverhampton- West Midlands);;;;;;;;;;;;;;;;;;
Feb 22 2019 - 7:45pm;30387;Cardiff City;Watford;Simon Hooper;1;5;35;65;Cardiff City Stadium (Cardiff (Caerdydd));;;;;;;;;;;;;;;;;;
Feb 22 2019 - 7:45pm;59950;West Ham United;Fulham;Lee Mason;3;1;55;45;London Stadium (London);;;;;;;;;;;;;;;;;;
Feb 23 2019 - 12:30pm;21338;Burnley;Tottenham Hotspur;Mike Dean;2;1;30;70;Turf Moor (Burnley);;;;;;;;;;;;;;;;;;
Feb 23 2019 - 3:00pm;10671;AFC Bournemouth;Wolverhampton Wanderers;Roger East;1;1;44;56;Vitality Stadium (Bournemouth- Dorset);;;;;;;;;;;;;;;;;;
Feb 23 2019 - 3:00pm;52174;Newcastle United;Huddersfield Town;Kevin Friend;2;0;54;46;St. James' Park (Newcastle upon Tyne);;;;;;;;;;;;;;;;;;
Feb 23 2019 - 5:30pm;31778;Leicester City;Crystal Palace;Anthony Taylor;1;4;65;35;King Power Stadium (Leicester- Leicestershire);;;;;;;;;;;;;;;;;;
Feb 24 2019 - 2:05pm;59877;Arsenal;Southampton;Graham Scott;2;0;62;38;Emirates Stadium (London);;;;;;;;;;;;;;;;;;
Feb 24 2019 - 2:05pm;74519;Manchester United;Liverpool;Michael Oliver;0;0;35;65;Old Trafford (Manchester);;;;;;;;;;;;;;;;;;
Feb 26 2019 - 7:45pm;31849;Cardiff City;Everton;Kevin Friend;0;3;32;68;Cardiff City Stadium (Cardiff (Caerdydd));;;;;;;;;;;;;;;;;;
Feb 26 2019 - 7:45pm;22714;Huddersfield Town;Wolverhampton Wanderers;David Coote;1;0;49;51;John Smith's Stadium (Huddersfield- West Yorkshire);;;;;;;;;;;;;;;;;;
Feb 26 2019 - 7:45pm;30558;Leicester City;Brighton & Hove Albion;Lee Probert;2;1;49;51;King Power Stadium (Leicester- Leicestershire);;;;;;;;;;;;;;;;;;
Feb 26 2019 - 8:00pm;48323;Newcastle United;Burnley;Craig Pawson;2;0;54;46;St. James' Park (Newcastle upon Tyne);;;;;;;;;;;;;;;;;;
Feb 27 2019 - 7:45pm;59618;Arsenal;AFC Bournemouth;Chris Kavanagh;5;1;64;36;Emirates Stadium (London);;;;;;;;;;;;;;;;;;
Feb 27 2019 - 7:45pm;27597;Southampton;Fulham;Anthony Taylor;2;0;40;60;St. Mary's Stadium (Southampton- Hampshire);;;;;;;;;;;;;;;;;;
Feb 27 2019 - 8:00pm;25754;Crystal Palace;Manchester United;Martin Atkinson;1;3;45;55;Selhurst Park (London);;;;;;;;;;;;;;;;;;
Feb 27 2019 - 8:00pm;40542;Chelsea;Tottenham Hotspur;Andre Marriner;2;0;46;54;Stamford Bridge (London);;;;;;;;;;;;;;;;;;
Feb 27 2019 - 8:00pm;53316;Liverpool;Watford;Graham Scott;5;0;61;39;Anfield (Liverpool);;;;;;;;;;;;;;;;;;
Feb 27 2019 - 8:00pm;53528;Manchester City;West Ham United;Stuart Attwell;1;0;75;25;Etihad Stadium (Manchester);;;;;;;;;;;;;;;;;;
Mar 02 2019 - 12:30pm;81332;Tottenham Hotspur;Arsenal;Anthony Taylor;1;1;60;40;Wembley Stadium (London);;;;;;;;;;;;;;;;;;
Mar 02 2019 - 3:00pm;10699;AFC Bournemouth;Manchester City;Kevin Friend;0;1;18;82;Vitality Stadium (Bournemouth- Dorset);;;;;;;;;;;;;;;;;;
Mar 02 2019 - 3:00pm;30182;Brighton & Hove Albion;Huddersfield Town;Mike Dean;1;0;52;48;The American Express Community Stadium (Falmer- East Sussex);;;;;;;;;;;;;;;;;;
Mar 02 2019 - 3:00pm;19223;Burnley;Crystal Palace;Lee Probert;1;3;56;44;Turf Moor (Burnley);;;;;;;;;;;;;;;;;;
Mar 02 2019 - 3:00pm;74459;Manchester United;Southampton;Stuart Attwell;3;2;64;36;Old Trafford (Manchester);;;;;;;;;;;;;;;;;;
Mar 02 2019 - 3:00pm;31309;Wolverhampton Wanderers;Cardiff City;Andre Marriner;2;0;56;44;Molineux Stadium (Wolverhampton- West Midlands);;;;;;;;;;;;;;;;;;
Mar 02 2019 - 5:30pm;59910;West Ham United;Newcastle United;Chris Kavanagh;2;0;55;45;London Stadium (London);;;;;;;;;;;;;;;;;;
Mar 03 2019 - 12:00pm;20062;Watford;Leicester City;Jonathan Moss;2;1;39;61;Vicarage Road (Watford);;;;;;;;;;;;;;;;;;
Mar 03 2019 - 2:05pm;24900;Fulham;Chelsea;Graham Scott;1;2;36;64;Craven Cottage (London);;;;;;;;;;;;;;;;;;
Mar 03 2019 - 4:15pm;39335;Everton;Liverpool;Martin Atkinson;0;0;42;58;Goodison Park (Liverpool);;;;;;;;;;;;;;;;;;
Mar 09 2019 - 12:30pm;24972;Crystal Palace;Brighton & Hove Albion;Craig Pawson;1;2;62;38;Selhurst Park (London);;;;;;;;;;;;;;;;;;
Mar 09 2019 - 3:00pm;32458;Cardiff City;West Ham United;Graham Scott;2;0;29;71;Cardiff City Stadium (Cardiff (Caerdydd));;;;;;;;;;;;;;;;;;
Mar 09 2019 - 3:00pm;22304;Huddersfield Town;AFC Bournemouth;Anthony Taylor;0;2;56;44;John Smith's Stadium (Huddersfield- West Yorkshire);;;;;;;;;;;;;;;;;;
Mar 09 2019 - 3:00pm;32017;Leicester City;Fulham;David Coote;3;1;52;48;King Power Stadium (Leicester- Leicestershire);;;;;;;;;;;;;;;;;;
Mar 09 2019 - 3:00pm;52242;Newcastle United;Everton;Lee Mason;3;2;45;55;St. James' Park (Newcastle upon Tyne);;;;;;;;;;;;;;;;;;
Mar 09 2019 - 3:00pm;31890;Southampton;Tottenham Hotspur;Kevin Friend;2;1;36;64;St. Mary's Stadium (Southampton- Hampshire);;;;;;;;;;;;;;;;;;
Mar 09 2019 - 5:30pm;54104;Manchester City;Watford;Paul Tierney;3;1;71;29;Etihad Stadium (Manchester);;;;;;;;;;;;;;;;;;
Mar 10 2019 - 12:00pm;53310;Liverpool;Burnley;Andre Marriner;4;2;68;32;Anfield (Liverpool);;;;;;;;;;;;;;;;;;
Mar 10 2019 - 2:05pm;40692;Chelsea;Wolverhampton Wanderers;Michael Oliver;1;1;75;25;Stamford Bridge (London);;;;;;;;;;;;;;;;;;
Mar 10 2019 - 4:30pm;60000;Arsenal;Manchester United;Jonathan Moss;2;0;46;54;Emirates Stadium (London);;;;;;;;;;;;;;;;;;
Mar 16 2019 - 3:00pm;10625;AFC Bournemouth;Newcastle United;Mike Dean;2;2;48;52;Vitality Stadium (Bournemouth- Dorset);;;;;;;;;;;;;;;;;;
Mar 16 2019 - 3:00pm;20719;Burnley;Leicester City;Michael Oliver;1;2;62;38;Turf Moor (Burnley);;;;;;;;;;;;;;;;;;
Mar 16 2019 - 3:00pm;59931;West Ham United;Huddersfield Town;Jonathan Moss;4;3;64;36;London Stadium (London);;;;;;;;;;;;;;;;;;
Mar 17 2019 - 2:15pm;25043;Fulham;Liverpool;Craig Pawson;1;2;37;63;Craven Cottage (London);;;;;;;;;;;;;;;;;;
Mar 17 2019 - 4:30pm;39356;Everton;Chelsea;Anthony Taylor;2;0;32;68;Goodison Park (Liverpool);;;;;;;;;;;;;;;;;;
Mar 30 2019 - 12:30pm;25001;Fulham;Manchester City;Kevin Friend;0;2;34;66;Craven Cottage (London);;;;;;;;;;;;;;;;;;
Mar 30 2019 - 3:00pm;30636;Brighton & Hove Albion;Southampton;Michael Oliver;0;1;60;40;The American Express Community Stadium (Falmer- East Sussex);;;;;;;;;;;;;;;;;;
Mar 30 2019 - 3:00pm;20990;Burnley;Wolverhampton Wanderers;Chris Kavanagh;2;0;37;63;Turf Moor (Burnley);;;;;;;;;;;;;;;;;;
Mar 30 2019 - 3:00pm;25193;Crystal Palace;Huddersfield Town;Lee Probert;2;0;48;52;Selhurst Park (London);;;;;;;;;;;;;;;;;;
Mar 30 2019 - 3:00pm;31530;Leicester City;AFC Bournemouth;Lee Mason;2;0;58;42;King Power Stadium (Leicester- Leicestershire);;;;;;;;;;;;;;;;;;
Mar 30 2019 - 3:00pm;74543;Manchester United;Watford;Stuart Attwell;2;1;51;49;Old Trafford (Manchester);;;;;;;;;;;;;;;;;;
Mar 30 2019 - 5:30pm;59988;West Ham United;Everton;Paul Tierney;0;2;49;51;London Stadium (London);;;;;;;;;;;;;;;;;;
Mar 31 2019 - 1:05pm;32657;Cardiff City;Chelsea;Craig Pawson;1;2;28;72;Cardiff City Stadium (Cardiff (Caerdydd));;;;;;;;;;;;;;;;;;
Mar 31 2019 - 3:30pm;53322;Liverpool;Tottenham Hotspur;Martin Atkinson;2;1;48;52;Anfield (Liverpool);;;;;;;;;;;;;;;;;;
Apr 01 2019 - 7:00pm;59869;Arsenal;Newcastle United;Anthony Taylor;2;0;70;30;Emirates Stadium (London);;;;;;;;;;;;;;;;;;
Apr 02 2019 - 6:45pm;17301;Watford;Fulham;Roger East;4;1;46;54;Vicarage Road (Watford);;;;;;;;;;;;;;;;;;
Apr 02 2019 - 6:45pm;31302;Wolverhampton Wanderers;Manchester United;Mike Dean;2;1;49;51;Molineux Stadium (Wolverhampton- West Midlands);;;;;;;;;;;;;;;;;;
Apr 03 2019 - 6:45pm;38593;Chelsea;Brighton & Hove Albion;Graham Scott;3;0;68;32;Stamford Bridge (London);;;;;;;;;;;;;;;;;;
Apr 03 2019 - 6:45pm;59215;Tottenham Hotspur;Crystal Palace;Andre Marriner;2;0;65;35;Tottenham Hotspur Stadium (London);;;;;;;;;;;;;;;;;;
Apr 03 2019 - 6:45pm;53559;Manchester City;Cardiff City;Jonathan Moss;2;0;78;22;Etihad Stadium (Manchester);;;;;;;;;;;;;;;;;;
Apr 05 2019 - 7:00pm;31797;Southampton;Liverpool;Paul Tierney;1;3;33;67;St. Mary's Stadium (Southampton- Hampshire);;;;;;;;;;;;;;;;;;
Apr 06 2019 - 2:00pm;10446;AFC Bournemouth;Burnley;Martin Atkinson;1;3;59;41;Vitality Stadium (Bournemouth- Dorset);;;;;;;;;;;;;;;;;;
Apr 06 2019 - 2:00pm;24126;Huddersfield Town;Leicester City;David Coote;1;4;44;56;John Smith's Stadium (Huddersfield- West Yorkshire);;;;;;;;;;;;;;;;;;
Apr 06 2019 - 2:00pm;51926;Newcastle United;Crystal Palace;Stuart Attwell;0;1;53;47;St. James' Park (Newcastle upon Tyne);;;;;;;;;;;;;;;;;;
Apr 07 2019 - 1:05pm;39400;Everton;Arsenal;Kevin Friend;1;0;42;58;Goodison Park (Liverpool);;;;;;;;;;;;;;;;;;
Apr 08 2019 - 7:00pm;40537;Chelsea;West Ham United;Chris Kavanagh;2;0;54;46;Stamford Bridge (London);;;;;;;;;;;;;;;;;;
Apr 12 2019 - 7:00pm;32108;Leicester City;Newcastle United;Chris Kavanagh;0;1;71;29;King Power Stadium (Leicester- Leicestershire);;;;;;;;;;;;;;;;;;
Apr 13 2019 - 11:30am;58308;Tottenham Hotspur;Huddersfield Town;Lee Mason;4;0;70;30;Tottenham Hotspur Stadium (London);;;;;;;;;;;;;;;;;;
Apr 13 2019 - 2:00pm;30460;Brighton & Hove Albion;AFC Bournemouth;Kevin Friend;0;5;50;50;The American Express Community Stadium (Falmer- East Sussex);;;;;;;;;;;;;;;;;;
Apr 13 2019 - 2:00pm;21480;Burnley;Cardiff City;Mike Dean;2;0;46;54;Turf Moor (Burnley);;;;;;;;;;;;;;;;;;
Apr 13 2019 - 2:00pm;24971;Fulham;Everton;Lee Probert;2;0;40;60;Craven Cottage (London);;;;;;;;;;;;;;;;;;
Apr 13 2019 - 2:00pm;31708;Southampton;Wolverhampton Wanderers;Jonathan Moss;3;1;30;70;St. Mary's Stadium (Southampton- Hampshire);;;;;;;;;;;;;;;;;;
Apr 13 2019 - 4:30pm;74478;Manchester United;West Ham United;Graham Scott;2;1;42;58;Old Trafford (Manchester);;;;;;;;;;;;;;;;;;
Apr 14 2019 - 1:05pm;25721;Crystal Palace;Manchester City;Martin Atkinson;1;3;27;73;Selhurst Park (London);;;;;;;;;;;;;;;;;;
Apr 14 2019 - 3:30pm;53279;Liverpool;Chelsea;Michael Oliver;2;0;61;39;Anfield (Liverpool);;;;;;;;;;;;;;;;;;
Apr 15 2019 - 7:00pm;20480;Watford;Arsenal;Craig Pawson;0;1;34;66;Vicarage Road (Watford);;;;;;;;;;;;;;;;;;
Apr 16 2019 - 6:45pm;30226;Brighton & Hove Albion;Cardiff City;Andre Marriner;0;2;63;37;The American Express Community Stadium (Falmer- East Sussex);;;;;;;;;;;;;;;;;;
Apr 20 2019 - 11:30am;54489;Manchester City;Tottenham Hotspur;Michael Oliver;1;0;60;40;Etihad Stadium (Manchester);;;;;;;;;;;;;;;;;;
Apr 20 2019 - 2:00pm;10511;AFC Bournemouth;Fulham;David Coote;0;1;49;51;Vitality Stadium (Bournemouth- Dorset);;;;;;;;;;;;;;;;;;
Apr 20 2019 - 2:00pm;23957;Huddersfield Town;Watford;Roger East;1;2;45;55;John Smith's Stadium (Huddersfield- West Yorkshire);;;;;;;;;;;;;;;;;;
Apr 20 2019 - 2:00pm;59960;West Ham United;Leicester City;Lee Probert;2;2;49;51;London Stadium (London);;;;;;;;;;;;;;;;;;
Apr 20 2019 - 2:00pm;31096;Wolverhampton Wanderers;Brighton & Hove Albion;Craig Pawson;0;0;68;32;Molineux Stadium (Wolverhampton- West Midlands);;;;;;;;;;;;;;;;;;
Apr 20 2019 - 4:30pm;52191;Newcastle United;Southampton;Anthony Taylor;3;1;43;57;St. James' Park (Newcastle upon Tyne);;;;;;;;;;;;;;;;;;
Apr 21 2019 - 12:30pm;39395;Everton;Manchester United;Paul Tierney;4;0;48;52;Goodison Park (Liverpool);;;;;;;;;;;;;;;;;;
Apr 21 2019 - 3:00pm;59929;Arsenal;Crystal Palace;Jonathan Moss;2;3;72;28;Emirates Stadium (London);;;;;;;;;;;;;;;;;;
Apr 21 2019 - 3:00pm;33082;Cardiff City;Liverpool;Martin Atkinson;0;2;23;77;Cardiff City Stadium (Cardiff (Caerdydd));;;;;;;;;;;;;;;;;;
Apr 22 2019 - 7:00pm;40642;Chelsea;Burnley;Kevin Friend;2;2;76;24;Stamford Bridge (London);;;;;;;;;;;;;;;;;;
Apr 23 2019 - 6:45pm;19170;Watford;Southampton;Mike Dean;1;1;62;38;Vicarage Road (Watford);;;;;;;;;;;;;;;;;;
Apr 23 2019 - 6:45pm;56251;Tottenham Hotspur;Brighton & Hove Albion;Chris Kavanagh;1;0;78;22;Tottenham Hotspur Stadium (London);;;;;;;;;;;;;;;;;;
Apr 24 2019 - 6:45pm;31436;Wolverhampton Wanderers;Arsenal;Stuart Attwell;3;1;29;71;Molineux Stadium (Wolverhampton- West Midlands);;;;;;;;;;;;;;;;;;
Apr 24 2019 - 7:00pm;74431;Manchester United;Manchester City;Andre Marriner;0;2;36;64;Old Trafford (Manchester);;;;;;;;;;;;;;;;;;
Apr 26 2019 - 7:00pm;53249;Liverpool;Huddersfield Town;Kevin Friend;5;0;70;30;Anfield (Liverpool);;;;;;;;;;;;;;;;;;
Apr 27 2019 - 11:30am;60043;Tottenham Hotspur;West Ham United;Anthony Taylor;0;1;63;37;Tottenham Hotspur Stadium (London);;;;;;;;;;;;;;;;;;
Apr 27 2019 - 2:00pm;25789;Crystal Palace;Everton;Lee Mason;0;0;36;64;Selhurst Park (London);;;;;;;;;;;;;;;;;;
Apr 27 2019 - 2:00pm;23822;Fulham;Cardiff City;Chris Kavanagh;1;0;73;27;Craven Cottage (London);;;;;;;;;;;;;;;;;;
Apr 27 2019 - 2:00pm;31310;Southampton;AFC Bournemouth;Graham Scott;3;3;44;56;St. Mary's Stadium (Southampton- Hampshire);;;;;;;;;;;;;;;;;;
Apr 27 2019 - 2:00pm;20323;Watford;Wolverhampton Wanderers;Simon Hooper;1;2;56;44;Vicarage Road (Watford);;;;;;;;;;;;;;;;;;
Apr 27 2019 - 4:30pm;30587;Brighton & Hove Albion;Newcastle United;Mike Dean;1;1;49;51;The American Express Community Stadium (Falmer- East Sussex);;;;;;;;;;;;;;;;;;
Apr 28 2019 - 11:00am;32037;Leicester City;Arsenal;Michael Oliver;3;0;67;33;King Power Stadium (Leicester- Leicestershire);;;;;;;;;;;;;;;;;;
Apr 28 2019 - 1:05pm;21605;Burnley;Manchester City;Paul Tierney;0;1;30;70;Turf Moor (Burnley);;;;;;;;;;;;;;;;;;
Apr 28 2019 - 3:30pm;74526;Manchester United;Chelsea;Martin Atkinson;1;1;51;49;Old Trafford (Manchester);;;;;;;;;;;;;;;;;;
May 03 2019 - 7:00pm;39303;Everton;Burnley;Chris Kavanagh;2;0;60;40;Goodison Park (Liverpool);;;;;;;;;;;;;;;;;;
May 04 2019 - 11:30am;10630;AFC Bournemouth;Tottenham Hotspur;Craig Pawson;1;0;53;47;Vitality Stadium (Bournemouth- Dorset);;;;;;;;;;;;;;;;;;
May 04 2019 - 2:00pm;59961;West Ham United;Southampton;Stuart Attwell;3;0;56;44;London Stadium (London);;;;;;;;;;;;;;;;;;
May 04 2019 - 2:00pm;30456;Wolverhampton Wanderers;Fulham;Jonathan Moss;1;0;39;61;Molineux Stadium (Wolverhampton- West Midlands);;;;;;;;;;;;;;;;;;
May 04 2019 - 4:30pm;32133;Cardiff City;Crystal Palace;Michael Oliver;2;3;39;61;Cardiff City Stadium (Cardiff (Caerdydd));;;;;;;;;;;;;;;;;;
May 04 2019 - 6:45pm;52206;Newcastle United;Liverpool;Andre Marriner;2;3;30;70;St. James' Park (Newcastle upon Tyne);;;;;;;;;;;;;;;;;;
May 05 2019 - 1:00pm;40650;Chelsea;Watford;Paul Tierney;3;0;58;42;Stamford Bridge (London);;;;;;;;;;;;;;;;;;
May 05 2019 - 1:00pm;24263;Huddersfield Town;Manchester United;Lee Mason;1;1;35;65;John Smith's Stadium (Huddersfield- West Yorkshire);;;;;;;;;;;;;;;;;;
May 05 2019 - 3:30pm;59965;Arsenal;Brighton & Hove Albion;Anthony Taylor;1;1;70;30;Emirates Stadium (London);;;;;;;;;;;;;;;;;;
May 06 2019 - 7:00pm;54506;Manchester City;Leicester City;Mike Dean;1;0;61;39;Etihad Stadium (Manchester);;;;;;;;;;;;;;;;;;
May 12 2019 - 2:00pm;30662;Brighton & Hove Albion;Manchester City;Michael Oliver;1;4;23;77;The American Express Community Stadium (Falmer- East Sussex);;;;;;;;;;;;;;;;;;
May 12 2019 - 2:00pm;21461;Burnley;Arsenal;Mike Dean;1;3;39;61;Turf Moor (Burnley);;;;;;;;;;;;;;;;;;
May 12 2019 - 2:00pm;25433;Crystal Palace;AFC Bournemouth;Roger East;5;3;45;55;Selhurst Park (London);;;;;;;;;;;;;;;;;;
May 12 2019 - 2:00pm;24979;Fulham;Newcastle United;Kevin Friend;0;4;68;32;Craven Cottage (London);;;;;;;;;;;;;;;;;;
May 12 2019 - 2:00pm;32140;Leicester City;Chelsea;Anthony Taylor;0;0;46;54;King Power Stadium (Leicester- Leicestershire);;;;;;;;;;;;;;;;;;
May 12 2019 - 2:00pm;53331;Liverpool;Wolverhampton Wanderers;Martin Atkinson;2;0;59;41;Anfield (Liverpool);;;;;;;;;;;;;;;;;;
May 12 2019 - 2:00pm;74457;Manchester United;Cardiff City;Jonathan Moss;0;2;73;27;Old Trafford (Manchester);;;;;;;;;;;;;;;;;;
May 12 2019 - 2:00pm;30367;Southampton;Huddersfield Town;Lee Probert;1;1;53;47;St. Mary's Stadium (Southampton- Hampshire);;;;;;;;;;;;;;;;;;
May 12 2019 - 2:00pm;60124;Tottenham Hotspur;Everton;Andre Marriner;2;2;55;45;Tottenham Hotspur Stadium (London);;;;;;;;;;;;;;;;;;
May 12 2019 - 2:00pm;20067;Watford;West Ham United;Chris Kavanagh;1;4;48;52;Vicarage Road (Watford);;;;;;;;;;;;;;;;;;
